address,addressFormatted,categories/0,categories/1,categories/2,categories/3,categories/4,categories/5,categories/6,categories/7,categories/8,categoryName,cid,city,countryCode,fid,googleFoodUrl,locatedIn,location/lat,location/lng,menu,neighborhood,phone,phoneUnformatted,placeId,postalCode,price,rank,reserveTableUrl,reviewsCount,reviewsDistribution/fiveStar,reviewsDistribution/fourStar,reviewsDistribution/oneStar,reviewsDistribution/threeStar,reviewsDistribution/twoStar,state,street,streetFormatted,subTitle,title,titleFormatted,totalScore,url,website,businessTime
"Tv. Carlos Maria Teixeira, 3031, Oriximiná - PA, Brazil","Tv. Carlos Maria Teixeira, 3031, Oriximiná - Pa, Brazil",Bar,,,,,,,,,Bar,,Oriximiná,BR,,,,,,,,+55 93 99174-5018,,ChIJw2u_9O0VfZIReuDgNd6h5V8,,,,,10.0,,,,,,State of Pará,"Tv. Carlos Maria Teixeira, 3031","Tv. Carlos Maria Teixeira, 3031",,Calçadão da Jucy,Calçadão da Jucy,4.7,https://www.google.com/maps/search/?api=1&query=Cal%C3%A7ad%C3%A3o%20da%20Jucy&query_place_id=ChIJw2u_9O0VfZIReuDgNd6h5V8,,
"Tv. Antônio Bentes de Oliveira Guimarães, 825, Oriximiná - PA, Brazil","Tv. Antônio Bentes de Oliveira Guimarães, 825, Oriximiná - Pa, Brazil",Bar,,,,,,,,,Bar,,Oriximiná,BR,,,,,,,,+55 93 99177-3665,,ChIJ94oxbgAVfZIR_qmZUQajwPA,,,,,3.0,,,,,,State of Pará,"Tv. Antônio Bentes de Oliveira Guimarães, 825","Tv. Antônio Bentes de Oliveira Guimarães, 825",,Adega do Iran,Adega do Iran,5.0,https://www.google.com/maps/search/?api=1&query=Adega%20do%20Iran&query_place_id=ChIJ94oxbgAVfZIR_qmZUQajwPA,,
"Tv. Cel. José Gabriel Guerreiro, Oriximiná - PA, Brazil","Tv. Cel. José Gabriel Guerreiro, Oriximiná - Pa, Brazil",Bar,,,,,,,,,Bar,,Oriximiná,BR,,,,,,,,+55 93 98804-5487,,ChIJrx4m4ToVfZIRM8anh0rEQ20,,,,,51.0,,,,,,State of Pará,Tv. Cel. José Gabriel Guerreiro,Tv. Cel. José Gabriel Guerreiro,,Palhoça,Palhoça,4.5,https://www.google.com/maps/search/?api=1&query=Palho%C3%A7a&query_place_id=ChIJrx4m4ToVfZIRM8anh0rEQ20,,
"Tv. 28 De Abril, 300, Oriximiná - PA, Brazil","Tv. 28 De Abril, 300, Oriximiná - Pa, Brazil",Bar,,,,,,,,,Bar,,Oriximiná,BR,,,,,,,,+55 93 99108-4401,,ChIJ4_eE8wsVfZIRS__rixcI97s,,,,,38.0,,,,,,State of Pará,"Tv. 28 De Abril, 300","Tv. 28 De Abril, 300",,Arena Patty Chouli Society,Arena Patty Chouli Society,4.4,https://www.google.com/maps/search/?api=1&query=Arena%20Patty%20Chouli%20Society&query_place_id=ChIJ4_eE8wsVfZIRS__rixcI97s,,
"Av. Vinte e Quatro de Dezembro, 1431, Oriximiná - PA, Brazil","Av. Vinte e Quatro de Dezembro, 1431, Oriximiná - Pa, Brazil",Bar,,,,,,,,,Bar,,Oriximiná,BR,,,,,,,,,,ChIJuY1TS88VfZIRG8kRySKhwvY,,,,,41.0,,,,,,State of Pará,"Av. Vinte e Quatro de Dezembro, 1431","Av. Vinte e Quatro de Dezembro, 1431",,Mungubeira Bar,Mungubeira Bar,4.5,https://www.google.com/maps/search/?api=1&query=Mungubeira%20Bar&query_place_id=ChIJuY1TS88VfZIRG8kRySKhwvY,,
"R. 24 de Dezembro, QUIOSQUE 01, Oriximiná - PA, Brazil","R. 24 de Dezembro, QUIOSQUE 01, Oriximiná - Pa, Brazil",Pub,,,,,,,,,Pub,,Oriximiná,BR,,,,,,,,+55 93 99134-5018,,ChIJTYRN9WgVfZIR16oZgpARSyk,,,,,1.0,,,,,,State of Pará,"R. 24 de Dezembro, QUIOSQUE 01","R. 24 de Dezembro, QUIOSQUE 01",,PAVULAGE PUB,PAVULAGE PUB,5.0,https://www.google.com/maps/search/?api=1&query=PAVULAGE%20PUB&query_place_id=ChIJTYRN9WgVfZIR16oZgpARSyk,,
"Rua décima nona, 767, Oriximiná - PA, Brazil","Rua décima nona, 767, Oriximiná - Pa, Brazil",Sports bar,,,,,,,,,Sports bar,,Oriximiná,BR,,,,,,,,+55 93 99112-3869,,ChIJ0b5lonMVfZIRmRctX_rhs5Y,,,,,1.0,,,,,,State of Pará,"Rua décima nona, 767","Rua décima nona, 767",,Arena Art'gol esporte bar orixi,Arena Art'gol esporte bar orixi,5.0,https://www.google.com/maps/search/?api=1&query=Arena%20Art'gol%20esporte%20bar%20orixi&query_place_id=ChIJ0b5lonMVfZIRmRctX_rhs5Y,,
"Tv. Clementino Figueiredo, 207, Oriximiná - PA, Brazil","Tv. Clementino Figueiredo, 207, Oriximiná - Pa, Brazil",Bar,,,,,,,,,Bar,,Oriximiná,BR,,,,,,,,,,ChIJBewvr1UVfZIRVQaKUWtTy1E,,,,,4.0,,,,,,State of Pará,"Tv. Clementino Figueiredo, 207","Tv. Clementino Figueiredo, 207",,Bar da Nívia,Bar da Nívia,5.0,https://www.google.com/maps/search/?api=1&query=Bar%20da%20N%C3%ADvia&query_place_id=ChIJBewvr1UVfZIRVQaKUWtTy1E,,
"Tv. Ângelo Augusto de Oliveira, 774, Oriximiná - PA, Brazil","Tv. Ângelo Augusto de Oliveira, 774, Oriximiná - Pa, Brazil",Bar,,,,,,,,,Bar,,Oriximiná,BR,,,,,,,,+55 93 99211-1314,,ChIJXfnvAA8VfZIRGlu6S5T56yw,,,,,1.0,,,,,,State of Pará,"Tv. Ângelo Augusto de Oliveira, 774","Tv. Ângelo Augusto de Oliveira, 774",,Manu Vegas Bar&Lanche,Manu Vegas Bar&Lanche,5.0,https://www.google.com/maps/search/?api=1&query=Manu%20Vegas%20Bar%26Lanche&query_place_id=ChIJXfnvAA8VfZIRGlu6S5T56yw,,
"n'2307, Av. Dr. Lauro Sodré, Oriximiná - PA, Brazil","n'2307, Av. Dr. Lauro Sodré, Oriximiná - Pa, Brazil",Bar,,,,,,,,,Bar,,Oriximiná,BR,,,,,,,,+55 93 99163-6232,,ChIJWQvEMEQVfZIRfqZnDSmHjPc,,,,,12.0,,,,,,State of Pará,"n'2307, Av. Dr. Lauro Sodré","n'2307, Av. Dr. Lauro Sodré",,Mercadinho E Distribuidora JL,Mercadinho E Distribuidora JL,4.4,https://www.google.com/maps/search/?api=1&query=Mercadinho%20E%20Distribuidora%20JL&query_place_id=ChIJWQvEMEQVfZIRfqZnDSmHjPc,,
"Tv. Carlos Maria Teixeira, Oriximiná - PA, Brazil","Tv. Carlos Maria Teixeira, Oriximiná - Pa, Brazil",Bar,,,,,,,,,Bar,,Oriximiná,BR,,,,,,,,+55 93 99150-8192,,ChIJp2chcgAVfZIRN97aFLauFhc,,,,,8.0,,,,,,State of Pará,Tv. Carlos Maria Teixeira,Tv. Carlos Maria Teixeira,,ARENA SUMMER BEACH,ARENA SUMMER BEACH,4.8,https://www.google.com/maps/search/?api=1&query=ARENA%20SUMMER%20BEACH&query_place_id=ChIJp2chcgAVfZIRN97aFLauFhc,,
"Oriximiná, State of Pará, Brazil","Oriximiná, State Of Pará, Brazil",Bar,,,,,,,,,Bar,,Oriximiná,BR,,,,,,,,,,ChIJaZAZLQAVfZIRtyJrVpjqH9Y,,,,,3.0,,,,,,State of Pará,,,,DistribuidoraAlves,DistribuidoraAlves,5.0,https://www.google.com/maps/search/?api=1&query=DistribuidoraAlves&query_place_id=ChIJaZAZLQAVfZIRtyJrVpjqH9Y,,
"Tv. Carlos Maria Teixeira, Oriximiná - PA, Brazil","Tv. Carlos Maria Teixeira, Oriximiná - Pa, Brazil",Bar,,,,,,,,,Bar,,Oriximiná,BR,,,,,,,,+55 93 99190-3280,,ChIJP35Rf6sVfZIRDhYVcgrAb1s,,,,,41.0,,,,,,State of Pará,Tv. Carlos Maria Teixeira,Tv. Carlos Maria Teixeira,,BAR ROYALLE (bar da loira),BAR ROYALLE (bar da loira),4.0,https://www.google.com/maps/search/?api=1&query=BAR%20ROYALLE%20(bar%20da%20loira)&query_place_id=ChIJP35Rf6sVfZIRDhYVcgrAb1s,,
"Av. Sete de Setembro, 2215, Oriximiná - PA, Brazil","Av. Sete de Setembro, 2215, Oriximiná - Pa, Brazil",Bar,,,,,,,,,Bar,,Oriximiná,BR,,,,,,,,+55 93 99117-5081,,ChIJ96fu3FwVfZIRHUbAskKMwg4,,,,,19.0,,,,,,State of Pará,"Av. Sete de Setembro, 2215","Av. Sete de Setembro, 2215",,Bar Zero Grau,Bar Zero Grau,3.3,https://www.google.com/maps/search/?api=1&query=Bar%20Zero%20Grau&query_place_id=ChIJ96fu3FwVfZIRHUbAskKMwg4,,
"TV. Guadalupe, 655, Oriximiná - PA, Brazil","TV. Guadalupe, 655, Oriximiná - Pa, Brazil",Lounge bar,,,,,,,,,Lounge bar,,Oriximiná,BR,,,,,,,,+55 92 99496-3226,,ChIJ4WQ6j-8VfZIR6MZ5P65Wllk,,,,,5.0,,,,,,State of Pará,"TV. Guadalupe, 655","TV. Guadalupe, 655",,Esmalteria Elza Amaral,Esmalteria Elza Amaral,4.2,https://www.google.com/maps/search/?api=1&query=Esmalteria%20Elza%20Amaral&query_place_id=ChIJ4WQ6j-8VfZIR6MZ5P65Wllk,,
"Tv. Cel. José Gabriel Guerreiro, 479-593, Oriximiná - PA, Brazil","Tv. Cel. José Gabriel Guerreiro, 479-593, Oriximiná - Pa, Brazil",Bar,Barbecue restaurant,,,,,,,,Bar,,Oriximiná,BR,,,,,,,,+55 93 99115-3833,,ChIJv5qLMDEVfZIRy6CHgWkAZhc,,,,,52.0,,,,,,State of Pará,"Tv. Cel. José Gabriel Guerreiro, 479-593","Tv. Cel. José Gabriel Guerreiro, 479-593",,Restaurante e Bar do Bacural,Restaurante e Bar do Bacural,4.3,https://www.google.com/maps/search/?api=1&query=Restaurante%20e%20Bar%20do%20Bacural&query_place_id=ChIJv5qLMDEVfZIRy6CHgWkAZhc,,
"Tv. Santa Luzia, 1348, Oriximiná - PA, Brazil","Tv. Santa Luzia, 1348, Oriximiná - Pa, Brazil",Bar,,,,,,,,,Bar,,Oriximiná,BR,,,,,,,,,,ChIJbwSGyz4VfZIR-Uc34IvTFlY,,,,,21.0,,,,,,State of Pará,"Tv. Santa Luzia, 1348","Tv. Santa Luzia, 1348",,Bar Do Velho,Bar Do Velho,4.4,https://www.google.com/maps/search/?api=1&query=Bar%20Do%20Velho&query_place_id=ChIJbwSGyz4VfZIR-Uc34IvTFlY,,
"Oriximiná, State of Pará, Brazil","Oriximiná, State Of Pará, Brazil",Bar,,,,,,,,,Bar,,Oriximiná,BR,,,,,,,,,,ChIJ-RNzmvsVfZIR1eTDs3KK7M0,,,,,14.0,,,,,,State of Pará,,,,Bar Toca Do Bilhar,Bar Toca Do Bilhar,3.9,https://www.google.com/maps/search/?api=1&query=Bar%20Toca%20Do%20Bilhar&query_place_id=ChIJ-RNzmvsVfZIR1eTDs3KK7M0,,
"com a - Tv. Emídio Martins, Av. Castelo Branco, 1364, Oriximiná - PA, Brazil","com a - Tv. Emídio Martins, Av. Castelo Branco, 1364, Oriximiná - Pa, Brazil",Restaurant,,,,,,,,,Restaurant,,Oriximiná,BR,,,,,,,,+55 93 99191-0534,,ChIJMWc1it0VfZIRYdHDSmuiXAE,,,,,23.0,,,,,,State of Pará,"com a - Tv. Emídio Martins, Av. Castelo Branco, 1364","com a - Tv. Emídio Martins, Av. Castelo Branco, 1364",,CHURRASCARIA EXCELÊNCIA,CHURRASCARIA EXCELÊNCIA,4.9,https://www.google.com/maps/search/?api=1&query=CHURRASCARIA%20EXCEL%C3%8ANCIA&query_place_id=ChIJMWc1it0VfZIRYdHDSmuiXAE,,
"Tv. Carlos Maria Teixeira, Oriximiná - PA, Brazil","Tv. Carlos Maria Teixeira, Oriximiná - Pa, Brazil",Restaurant,,,,,,,,,Restaurant,,Oriximiná,BR,,,,,,,,+55 93 99208-5771,,ChIJKairSnEVfZIRatAJMH9ok90,,,,,35.0,,,,,,State of Pará,Tv. Carlos Maria Teixeira,Tv. Carlos Maria Teixeira,,Bom sabor chuarascaria lanchonete,Bom sabor chuarascaria lanchonete,4.7,https://www.google.com/maps/search/?api=1&query=Bom%20sabor%20chuarascaria%20lanchonete&query_place_id=ChIJKairSnEVfZIRatAJMH9ok90,,
"Av. Sete de Setembro, 1936, Oriximiná - PA, Brazil","Av. Sete de Setembro, 1936, Oriximiná - Pa, Brazil",Barbecue restaurant,Restaurant,,,,,,,,Barbecue restaurant,,Oriximiná,BR,,,,,,,,+55 93 99123-1494,,ChIJx6ZkfUIVfZIRJFu288c6i1Q,,,,,86.0,,,,,,State of Pará,"Av. Sete de Setembro, 1936","Av. Sete de Setembro, 1936",,Churrasco do Tiça,Churrasco do Tiça,4.5,https://www.google.com/maps/search/?api=1&query=Churrasco%20do%20Ti%C3%A7a&query_place_id=ChIJx6ZkfUIVfZIRJFu288c6i1Q,,
"Terminal Hidroviário de - Av. Vinte e Quatro de Dezembro, 2638, Oriximiná - PA, Brazil","Terminal Hidroviário de - Av. Vinte e Quatro de Dezembro, 2638, Oriximiná - Pa, Brazil",Restaurant,,,,,,,,,Restaurant,,Oriximiná,BR,,,,,,,,+55 93 99178-4018,,ChIJn1O_ewAVfZIRFurF9Ommpk8,,,,,10.0,,,,,,State of Pará,"Terminal Hidroviário de - Av. Vinte e Quatro de Dezembro, 2638","Terminal Hidroviário de - Av. Vinte e Quatro de Dezembro, 2638",,Profeta’s Restaurante e Soparia,Profeta’s Restaurante e Soparia,5.0,https://www.google.com/maps/search/?api=1&query=Profeta%E2%80%99s%20Restaurante%20e%20Soparia&query_place_id=ChIJn1O_ewAVfZIRFurF9Ommpk8,,
"R. Dom Floriano Loewenau, Oriximiná - PA, Brazil","R. Dom Floriano Loewenau, Oriximiná - Pa, Brazil",Barbecue restaurant,,,,,,,,,Barbecue restaurant,,Oriximiná,BR,,,,,,,,+55 93 99139-1156,,ChIJ5-Ow5TkVfZIR_PwlFKaSf2Q,,,,,35.0,,,,,,State of Pará,R. Dom Floriano Loewenau,R. Dom Floriano Loewenau,,Calçadão do churrasco Aristeu,Calçadão do churrasco Aristeu,4.6,https://www.google.com/maps/search/?api=1&query=Cal%C3%A7ad%C3%A3o%20do%20churrasco%20Aristeu&query_place_id=ChIJ5-Ow5TkVfZIR_PwlFKaSf2Q,,
"Travessa Coronel José Gabriel Guerreiro, 991686303, Oriximiná - PA, Brazil","Travessa Coronel José Gabriel Guerreiro, 991686303, Oriximiná - Pa, Brazil",Pizza restaurant,,,,,,,,,Pizza restaurant,,Oriximiná,BR,,,,,,,,+55 93 99168-6303,,ChIJI7xMNl0VfZIRFi3d5sUYh6M,,,,,40.0,,,,,,State of Pará,"Travessa Coronel José Gabriel Guerreiro, 991686303","Travessa Coronel José Gabriel Guerreiro, 991686303",,Matriz Pizzaria & Doces e Petiscos,Matriz Pizzaria & Doces e Petiscos,4.6,https://www.google.com/maps/search/?api=1&query=Matriz%20Pizzaria%20%26%20Doces%20e%20Petiscos&query_place_id=ChIJI7xMNl0VfZIRFi3d5sUYh6M,,
"1242, R. Altíno Bentes Guimarães, 1060, Oriximiná - PA, Brazil","1242, R. Altíno Bentes Guimarães, 1060, Oriximiná - Pa, Brazil",Barbecue restaurant,,,,,,,,,Barbecue restaurant,,Oriximiná,BR,,,,,,,,+55 93 99210-3767,,ChIJ_1owQiQVfZIRwqJAiH7wwZg,,,,,32.0,,,,,,State of Pará,"1242, R. Altíno Bentes Guimarães, 1060","1242, R. Altíno Bentes Guimarães, 1060",,Restaurante Dona Cileuza,Restaurante Dona Cileuza,4.0,https://www.google.com/maps/search/?api=1&query=Restaurante%20Dona%20Cileuza&query_place_id=ChIJ_1owQiQVfZIRwqJAiH7wwZg,,
"Oriximiná, State of Pará, Brazil","Oriximiná, State Of Pará, Brazil",Restaurant,,,,,,,,,Restaurant,,Oriximiná,BR,,,,,,,,,,ChIJOaQShsMVfZIRJbOje-b9Hkk,,,,,36.0,,,,,,State of Pará,,,,PRINCESA DO TROMBETAS GASTROBAR,PRINCESA DO TROMBETAS GASTROBAR,4.2,https://www.google.com/maps/search/?api=1&query=PRINCESA%20DO%20TROMBETAS%20GASTROBAR&query_place_id=ChIJOaQShsMVfZIRJbOje-b9Hkk,https://www.instagram.com/trombetasgastrobar/,
"Av. Dr. Lauro Sodré, 2034, Oriximiná - PA, Brazil","Av. Dr. Lauro Sodré, 2034, Oriximiná - Pa, Brazil",Buffet restaurant,,,,,,,,,Buffet restaurant,,Oriximiná,BR,,,,,,,,+55 93 99161-1016,,ChIJl8HvsEAVfZIRv4rRE0Lx_rk,,,,,118.0,,,,,,State of Pará,"Av. Dr. Lauro Sodré, 2034","Av. Dr. Lauro Sodré, 2034",,Restaurante Mariano,Restaurante Mariano,4.2,https://www.google.com/maps/search/?api=1&query=Restaurante%20Mariano&query_place_id=ChIJl8HvsEAVfZIRv4rRE0Lx_rk,,
"Tv. Cel. José Gabriel Guerreiro, 200, Oriximiná - PA, Brazil","Tv. Cel. José Gabriel Guerreiro, 200, Oriximiná - Pa, Brazil",Snack bar,Fast food restaurant,,,,,,,,Snack bar,,Oriximiná,BR,,,,,,,,+55 93 99217-8352,,ChIJAwAWNF0VfZIRjcfMIqCv4OM,,,,,371.0,,,,,,State of Pará,"Tv. Cel. José Gabriel Guerreiro, 200","Tv. Cel. José Gabriel Guerreiro, 200",,Kuka Legal,Kuka Legal,4.2,https://www.google.com/maps/search/?api=1&query=Kuka%20Legal&query_place_id=ChIJAwAWNF0VfZIRjcfMIqCv4OM,,
"303, Av. Sete de Setembro, 121, Oriximiná - PA, Brazil","303, Av. Sete de Setembro, 121, Oriximiná - Pa, Brazil",Pizza restaurant,,,,,,,,,Pizza restaurant,,Oriximiná,BR,,,,,,,,+55 93 99194-9169,,ChIJj7fAiUIVfZIRFGfX9xdapNE,,,,,343.0,,,,,,State of Pará,"303, Av. Sete de Setembro, 121","303, Av. Sete de Setembro, 121",,Pizzaria La Casita,Pizzaria La Casita,4.3,https://www.google.com/maps/search/?api=1&query=Pizzaria%20La%20Casita&query_place_id=ChIJj7fAiUIVfZIRFGfX9xdapNE,,
"R. Primeiro de Maio, 321-435, Oriximiná - PA, Brazil","R. Primeiro de Maio, 321-435, Oriximiná - Pa, Brazil",Pizza restaurant,Snack bar,,,,,,,,Pizza restaurant,,Oriximiná,BR,,,,,,,,+55 93 99225-0138,,ChIJp2T8FCUVfZIRvGPAMAo-SX8,,,,,181.0,,,,,,State of Pará,"R. Primeiro de Maio, 321-435","R. Primeiro de Maio, 321-435",,Lanchonete e Pizzaria Esquina Do Sabor,Lanchonete e Pizzaria Esquina Do Sabor,4.2,https://www.google.com/maps/search/?api=1&query=Lanchonete%20e%20Pizzaria%20Esquina%20Do%20Sabor&query_place_id=ChIJp2T8FCUVfZIRvGPAMAo-SX8,,
"Av. Sete de Setembro, 1123-1295, Oriximiná - PA, Brazil","Av. Sete de Setembro, 1123-1295, Oriximiná - Pa, Brazil",Barbecue restaurant,,,,,,,,,Barbecue restaurant,,Oriximiná,BR,,,,,,,,,,ChIJW4b9alkVfZIRwJBn8mhLGWU,,,,,90.0,,,,,,State of Pará,"Av. Sete de Setembro, 1123-1295","Av. Sete de Setembro, 1123-1295",,Restaurante Profeta,Restaurante Profeta,4.4,https://www.google.com/maps/search/?api=1&query=Restaurante%20Profeta&query_place_id=ChIJW4b9alkVfZIRwJBn8mhLGWU,,
"Av. Dr. Lauro Sodré, Oriximiná - PA, Brazil","Av. Dr. Lauro Sodré, Oriximiná - Pa, Brazil",Restaurant,Barbecue restaurant,,,,,,,,Restaurant,,Oriximiná,BR,,,,,,,,+55 93 99199-7810,,ChIJzXh36CQVfZIRK6WotR_xJIs,,,,,15.0,,,,,,State of Pará,Av. Dr. Lauro Sodré,Av. Dr. Lauro Sodré,,Churrascaria Do Seu Léo,Churrascaria Do Seu Léo,4.0,https://www.google.com/maps/search/?api=1&query=Churrascaria%20Do%20Seu%20L%C3%A9o&query_place_id=ChIJzXh36CQVfZIRK6WotR_xJIs,,
"Tv. Emídio Ferreira Martins, 60, Oriximiná - PA, Brazil","Tv. Emídio Ferreira Martins, 60, Oriximiná - Pa, Brazil",Restaurant,,,,,,,,,Restaurant,,Oriximiná,BR,,,,,,,,+55 93 99218-1612,,ChIJWWzX9IsVfZIRYUfqDuRwN_w,,,,,3.0,,,,,,State of Pará,"Tv. Emídio Ferreira Martins, 60","Tv. Emídio Ferreira Martins, 60",,Restaurante Dom Prato,Restaurante Dom Prato,5.0,https://www.google.com/maps/search/?api=1&query=Restaurante%20Dom%20Prato&query_place_id=ChIJWWzX9IsVfZIRYUfqDuRwN_w,https://www.instagram.com/dom_prato_restaurante/profilecard/?igsh=andhcHFtcTc2bmRo,
"Av. Sete de Setembro, 2243, Oriximiná - PA, Brazil","Av. Sete de Setembro, 2243, Oriximiná - Pa, Brazil",Bar,,,,,,,,,Bar,,Oriximiná,BR,,,,,,,,,,ChIJ00ZKBIEVfZIRM3TL5zZFKhQ,,,,,3.0,,,,,,State of Pará,"Av. Sete de Setembro, 2243","Av. Sete de Setembro, 2243",,Bar da Beth,Bar da Beth,4.0,https://www.google.com/maps/search/?api=1&query=Bar%20da%20Beth&query_place_id=ChIJ00ZKBIEVfZIRM3TL5zZFKhQ,,
"744G+PX, Oriximiná - PA, Brazil","744G+PX, Oriximiná - Pa, Brazil",Bar,,,,,,,,,Bar,,Oriximiná,BR,,,,,,,,,,ChIJ0wAVSAAVfZIRlpPmHD1UnzM,,,,,3.0,,,,,,State of Pará,744G+PX,744G+PX,,Bar do junior,Bar do junior,3.3,https://www.google.com/maps/search/?api=1&query=Bar%20do%20junior&query_place_id=ChIJ0wAVSAAVfZIRlpPmHD1UnzM,,
"Av. Dr. Lauro Sodré, 2114, Oriximiná - PA, Brazil","Av. Dr. Lauro Sodré, 2114, Oriximiná - Pa, Brazil",Snack bar,,,,,,,,,Snack bar,,Oriximiná,BR,,,,,,,,+55 93 99207-3706,,ChIJl9HRVN8VfZIRQzit2PnOkFQ,,,,,120.0,,,,,,State of Pará,"Av. Dr. Lauro Sodré, 2114","Av. Dr. Lauro Sodré, 2114",,Lanche Gasparzinho,Lanche Gasparzinho,4.4,https://www.google.com/maps/search/?api=1&query=Lanche%20Gasparzinho&query_place_id=ChIJl9HRVN8VfZIRQzit2PnOkFQ,,
"Passagem D, N° 260, Oriximiná - PA, Brazil","Passagem D, N° 260, Oriximiná - Pa, Brazil",Snack bar,,,,,,,,,Snack bar,,Oriximiná,BR,,,,,,,,+55 93 99110-4773,,ChIJ2-xBrsMVfZIRHZLLA-p2p5Q,,,,,1.0,,,,,,State of Pará,"Passagem D, N° 260","Passagem D, N° 260",,Jane Salgaderia,Jane Salgaderia,5.0,https://www.google.com/maps/search/?api=1&query=Jane%20Salgaderia&query_place_id=ChIJ2-xBrsMVfZIRHZLLA-p2p5Q,,
"R. Pedro Carlos de Oliveira, Oriximiná - PA, Brazil","R. Pedro Carlos de Oliveira, Oriximiná - Pa, Brazil",Children's home,,,,,,,,,Children's home,,Oriximiná,BR,,,,,,,,+55 93 99208-3847,,ChIJzxZKPAAVfZIRt0teCGa0DfU,,,,,1.0,,,,,,State of Pará,R. Pedro Carlos de Oliveira,R. Pedro Carlos de Oliveira,,Garagem Beer,Garagem Beer,5.0,https://www.google.com/maps/search/?api=1&query=Garagem%20Beer&query_place_id=ChIJzxZKPAAVfZIRt0teCGa0DfU,,
"Tv. Ângelo Augusto de Oliveira, 593, Oriximiná - PA, Brazil","Tv. Ângelo Augusto de Oliveira, 593, Oriximiná - Pa, Brazil",Bar,,,,,,,,,Bar,,Oriximiná,BR,,,,,,,,+55 93 99230-9668,,ChIJl6SI6gkVfZIRKynGXONQq-w,,,,,20.0,,,,,,State of Pará,"Tv. Ângelo Augusto de Oliveira, 593","Tv. Ângelo Augusto de Oliveira, 593",,Bar e Pizzaria Royalle,Bar e Pizzaria Royalle,2.8,https://www.google.com/maps/search/?api=1&query=Bar%20e%20Pizzaria%20Royalle&query_place_id=ChIJl6SI6gkVfZIRKynGXONQq-w,,
"Rua Acioli Ramos, Oriximiná - PA, Brazil","Rua Acioli Ramos, Oriximiná - Pa, Brazil",Snack bar,,,,,,,,,Snack bar,,Oriximiná,BR,,,,,,,,,,ChIJVVtBTAAVfZIRBYWizMbX0y0,,,,,4.0,,,,,,State of Pará,Rua Acioli Ramos,Rua Acioli Ramos,,Coxinha Express,Coxinha Express,5.0,https://www.google.com/maps/search/?api=1&query=Coxinha%20Express&query_place_id=ChIJVVtBTAAVfZIRBYWizMbX0y0,,
"Rua, R. Pedro Carlos de Oliveira, s/n, Oriximiná - PA, Brazil","Rua, R. Pedro Carlos de Oliveira, s/n, Oriximiná - Pa, Brazil",Snack bar,,,,,,,,,Snack bar,,Oriximiná,BR,,,,,,,,+55 93 99216-1509,,ChIJbdq-FK0VfZIRGpCPF8XKdQc,,,,,2.0,,,,,,State of Pará,"Rua, R. Pedro Carlos de Oliveira, s/n","Rua, R. Pedro Carlos de Oliveira, s/n",,Los Burguitos,Los Burguitos,4.5,https://www.google.com/maps/search/?api=1&query=Los%20Burguitos&query_place_id=ChIJbdq-FK0VfZIRGpCPF8XKdQc,,
"Travessa Carlos Calderaro, 1995, Oriximiná - PA, Brazil","Travessa Carlos Calderaro, 1995, Oriximiná - Pa, Brazil",Barbecue restaurant,,,,,,,,,Barbecue restaurant,,Oriximiná,BR,,,,,,,,+55 93 99131-8733,,ChIJac19CX8VfZIRi04CxjPpHMA,,,,,45.0,,,,,,State of Pará,"Travessa Carlos Calderaro, 1995","Travessa Carlos Calderaro, 1995",,Churrascaria VEM KÁ,Churrascaria VEM KÁ,3.9,https://www.google.com/maps/search/?api=1&query=Churrascaria%20VEM%20K%C3%81&query_place_id=ChIJac19CX8VfZIRi04CxjPpHMA,,
"Passagem B Final da rua 2 das casas populares, próximo ao Coliseo Santissimo, Oriximiná - PA, Brazil","Passagem B Final da rua 2 das casas populares, próximo ao Coliseo Santissimo, Oriximiná - Pa, Brazil",Nightclub,,,,,,,,,Nightclub,,Oriximiná,BR,,,,,,,,+55 93 99176-2583,,ChIJuXu7XNkVfZIRzZrE-3IaUPs,,,,,1.0,,,,,,State of Pará,"Passagem B Final da rua 2 das casas populares, próximo ao Coliseo Santissimo","Passagem B Final da rua 2 das casas populares, próximo ao Coliseo Santissimo",,La Barca Show,La Barca Show,5.0,https://www.google.com/maps/search/?api=1&query=La%20Barca%20Show&query_place_id=ChIJuXu7XNkVfZIRzZrE-3IaUPs,https://www.facebook.com/LabarcaShow/?modal=admin_todo_tour,
"Tv. Cel. José Gabriel Guerreiro, Oriximiná - PA, Brazil","Tv. Cel. José Gabriel Guerreiro, Oriximiná - Pa, Brazil",Snack bar,,,,,,,,,Snack bar,,Oriximiná,BR,,,,,,,,+55 93 99215-6883,,ChIJVylIrXIVfZIRSKwnQu-8F60,,,,,4.0,,,,,,State of Pará,Tv. Cel. José Gabriel Guerreiro,Tv. Cel. José Gabriel Guerreiro,,Espaço Gourmet,Espaço Gourmet,4.3,https://www.google.com/maps/search/?api=1&query=Espa%C3%A7o%20Gourmet&query_place_id=ChIJVylIrXIVfZIRSKwnQu-8F60,,
"Tv. Santa Luzia, Oriximiná - PA, Brazil","Tv. Santa Luzia, Oriximiná - Pa, Brazil",Barbecue restaurant,,,,,,,,,Barbecue restaurant,,Oriximiná,BR,,,,,,,,+55 93 99101-4658,,ChIJVf5qxbQVfZIR17Qj-JBTGQo,,,,,1.0,,,,,,State of Pará,Tv. Santa Luzia,Tv. Santa Luzia,,Churrascaria do Jhonny,Churrascaria do Jhonny,3.0,https://www.google.com/maps/search/?api=1&query=Churrascaria%20do%20Jhonny&query_place_id=ChIJVf5qxbQVfZIR17Qj-JBTGQo,,
"R. Décima Nona, Oriximiná - PA, Brazil","R. Décima Nona, Oriximiná - Pa, Brazil",Sports club,,,,,,,,,Sports club,,Oriximiná,BR,,,,,,,,,,ChIJA4OSaQQVfZIRzC_vGijU4fw,,,,,26.0,,,,,,State of Pará,R. Décima Nona,R. Décima Nona,,Arena Gol & Gole,Arena Gol & Gole,4.8,https://www.google.com/maps/search/?api=1&query=Arena%20Gol%20%26%20Gole&query_place_id=ChIJA4OSaQQVfZIRzC_vGijU4fw,,
"Tv. Magalhães Barata, 825, Oriximiná - PA, Brazil","Tv. Magalhães Barata, 825, Oriximiná - Pa, Brazil",Snack bar,,,,,,,,,Snack bar,,Oriximiná,BR,,,,,,,,+55 93 99189-4751,,ChIJn3O7k-UVfZIRuLGvkRdIrwo,,,,,3.0,,,,,,State of Pará,"Tv. Magalhães Barata, 825","Tv. Magalhães Barata, 825",,Evelyn Lanches,Evelyn Lanches,5.0,https://www.google.com/maps/search/?api=1&query=Evelyn%20Lanches&query_place_id=ChIJn3O7k-UVfZIRuLGvkRdIrwo,,
"Travessa Carlos Calderaro, 1559, Oriximiná - PA, Brazil","Travessa Carlos Calderaro, 1559, Oriximiná - Pa, Brazil",Restaurant,,,,,,,,,Restaurant,,Oriximiná,BR,,,,,,,,+55 93 99163-6359,,ChIJUc9TH7AVfZIR9GqclDUJgl8,,,,,6.0,,,,,,State of Pará,"Travessa Carlos Calderaro, 1559","Travessa Carlos Calderaro, 1559",,EDY LANCHE & CHURRASCARIA,EDY LANCHE & CHURRASCARIA,4.5,https://www.google.com/maps/search/?api=1&query=EDY%20LANCHE%20%26%20CHURRASCARIA&query_place_id=ChIJUc9TH7AVfZIR9GqclDUJgl8,,
"Sra. do - Tv. Emídio Ferreira Martins, 1431, Oriximiná - PA, Brazil","Sra. do - Tv. Emídio Ferreira Martins, 1431, Oriximiná - Pa, Brazil",Snack bar,,,,,,,,,Snack bar,,Oriximiná,BR,,,,,,,,+55 93 99187-8866,,ChIJJZAwAy8VfZIRVlmtML5XNPI,,,,,9.0,,,,,,State of Pará,"Sra. do - Tv. Emídio Ferreira Martins, 1431","Sra. do - Tv. Emídio Ferreira Martins, 1431",,Lanche Kairós,Lanche Kairós,4.3,https://www.google.com/maps/search/?api=1&query=Lanche%20Kair%C3%B3s&query_place_id=ChIJJZAwAy8VfZIRVlmtML5XNPI,,
"Tv. Antônio Bentes de Oliveira Guimarães, Oriximiná - PA, Brazil","Tv. Antônio Bentes de Oliveira Guimarães, Oriximiná - Pa, Brazil",Restaurant,,,,,,,,,Restaurant,,Oriximiná,BR,,,,,,,,+55 93 99109-9853,,ChIJ9aiXfzAVfZIRhmli0QgFxj0,,,,,11.0,,,,,,State of Pará,Tv. Antônio Bentes de Oliveira Guimarães,Tv. Antônio Bentes de Oliveira Guimarães,,Telma's Churrascaria,Telma's Churrascaria,4.7,https://www.google.com/maps/search/?api=1&query=Telma's%20Churrascaria&query_place_id=ChIJ9aiXfzAVfZIRhmli0QgFxj0,,
"Rua josé - R. Antônio Picanço Diniz, 1688, Oriximiná - PA, Brazil","Rua josé - R. Antônio Picanço Diniz, 1688, Oriximiná - Pa, Brazil",Restaurant,,,,,,,,,Restaurant,,Oriximiná,BR,,,,,,,,+55 93 99182-3296,,ChIJz000yC4VfZIRsGYWreQ83_0,,,,,3.0,,,,,,State of Pará,"Rua josé - R. Antônio Picanço Diniz, 1688","Rua josé - R. Antônio Picanço Diniz, 1688",,Delícias Da Alice,Delícias Da Alice,5.0,https://www.google.com/maps/search/?api=1&query=Del%C3%ADcias%20Da%20Alice&query_place_id=ChIJz000yC4VfZIRsGYWreQ83_0,https://www.instagram.com/deliciasdaaliceorix?igsh=OWF2OGJ0ZHo0YXF3,
"Tv. Carlos Maria Teixeira, 2277, Oriximiná - PA, Brazil","Tv. Carlos Maria Teixeira, 2277, Oriximiná - Pa, Brazil",Snack bar,Coffee shop,,,,,,,,Snack bar,,Oriximiná,BR,,,,,,,,+55 93 99150-1045,,ChIJB50eJZYVfZIRu7pSxayW6pI,,,,,29.0,,,,,,State of Pará,"Tv. Carlos Maria Teixeira, 2277","Tv. Carlos Maria Teixeira, 2277",,Tarantella Doces & Salgados,Tarantella Doces & Salgados,4.7,https://www.google.com/maps/search/?api=1&query=Tarantella%20Doces%20%26%20Salgados&query_place_id=ChIJB50eJZYVfZIRu7pSxayW6pI,,
"7532+RF, Oriximiná - PA, Brazil","7532+RF, Oriximiná - Pa, Brazil",Restaurant,,,,,,,,,Restaurant,,Oriximiná,BR,,,,,,,,,,ChIJBQsLJQAVfZIRTpjiM2ebKaM,,,,,4.0,,,,,,State of Pará,7532+RF,7532+RF,,Arapaima - Gastrobar,Arapaima - Gastrobar,5.0,https://www.google.com/maps/search/?api=1&query=Arapaima%20-%20Gastrobar&query_place_id=ChIJBQsLJQAVfZIRTpjiM2ebKaM,,
"Tv. Santa Luzia, 1148, Oriximiná - PA, Brazil","Tv. Santa Luzia, 1148, Oriximiná - Pa, Brazil",Hamburger restaurant,,,,,,,,,Hamburger restaurant,,Oriximiná,BR,,,,,,,,+55 93 99224-3970,,ChIJ1-gy8kQVfZIRlRSX5TJywwQ,,,,,1.0,,,,,,State of Pará,"Tv. Santa Luzia, 1148","Tv. Santa Luzia, 1148",,Hambugueria e lanchonete No Capricho,Hambugueria e lanchonete No Capricho,5.0,https://www.google.com/maps/search/?api=1&query=Hambugueria%20e%20lanchonete%20No%20Capricho&query_place_id=ChIJ1-gy8kQVfZIRlRSX5TJywwQ,,
"Av. Vinte e Quatro de Dezembro, 1930, Oriximiná - PA, Brazil","Av. Vinte e Quatro de Dezembro, 1930, Oriximiná - Pa, Brazil",Family restaurant,,,,,,,,,Family restaurant,,Oriximiná,BR,,,,,,,,+55 93 99229-2252,,ChIJO3qISQA_fZIR-G036l_gZzI,,,,,1.0,,,,,,State of Pará,"Av. Vinte e Quatro de Dezembro, 1930","Av. Vinte e Quatro de Dezembro, 1930",,Lanche e Restaurante Águia,Lanche e Restaurante Águia,5.0,https://www.google.com/maps/search/?api=1&query=Lanche%20e%20Restaurante%20%C3%81guia&query_place_id=ChIJO3qISQA_fZIR-G036l_gZzI,,
"Oriximiná, State of Pará, Brazil","Oriximiná, State Of Pará, Brazil",Restaurant,,,,,,,,,Restaurant,,Oriximiná,BR,,,,,,,,+55 93 99118-8304,,ChIJQytA7-wVfZIRX0sZUlJnZLU,,,,,22.0,,,,,,State of Pará,,,,Açaí do Junior 100%Açaí,Açaí do Junior 100%Açaí,4.9,https://www.google.com/maps/search/?api=1&query=A%C3%A7a%C3%AD%20do%20Junior%20100%25A%C3%A7a%C3%AD&query_place_id=ChIJQytA7-wVfZIRX0sZUlJnZLU,,
"Tv. Cazuza Guerreiro, 570, Oriximiná - PA, Brazil","Tv. Cazuza Guerreiro, 570, Oriximiná - Pa, Brazil",Barbecue restaurant,,,,,,,,,Barbecue restaurant,,Oriximiná,BR,,,,,,,,+55 93 99121-3187,,ChIJ4V-Tx0QVfZIRr2jVM_y_nC4,,,,,2.0,,,,,,State of Pará,"Tv. Cazuza Guerreiro, 570","Tv. Cazuza Guerreiro, 570",,Sousa Churrascaria,Sousa Churrascaria,4.5,https://www.google.com/maps/search/?api=1&query=Sousa%20Churrascaria&query_place_id=ChIJ4V-Tx0QVfZIRr2jVM_y_nC4,,
"R. Pedro Carlos de Oliveira, 754 - box 36, Oriximiná - PA, Brazil","R. Pedro Carlos de Oliveira, 754 - box 36, Oriximiná - Pa, Brazil",Brazilian pastelaria,,,,,,,,,Brazilian pastelaria,,Oriximiná,BR,,,,,,,,+55 93 99171-8715,,ChIJI38_u74VfZIRfX5HGaY7PDU,,,,,1.0,,,,,,State of Pará,"R. Pedro Carlos de Oliveira, 754 - box 36","R. Pedro Carlos de Oliveira, 754 - box 36",,Pastel da Neuzila,Pastel da Neuzila,5.0,https://www.google.com/maps/search/?api=1&query=Pastel%20da%20Neuzila&query_place_id=ChIJI38_u74VfZIRfX5HGaY7PDU,,
"Av. Dr. Lauro Sodré, 2321, Oriximiná - PA, Brazil","Av. Dr. Lauro Sodré, 2321, Oriximiná - Pa, Brazil",Pizza restaurant,,,,,,,,,Pizza restaurant,,Oriximiná,BR,,,,,,,,+55 93 99175-6029,,ChIJ_Q2fM0QVfZIRni5evNKRZfE,,,,,113.0,,,,,,State of Pará,"Av. Dr. Lauro Sodré, 2321","Av. Dr. Lauro Sodré, 2321",,Pizzaria Night Day,Pizzaria Night Day,4.4,https://www.google.com/maps/search/?api=1&query=Pizzaria%20Night%20Day&query_place_id=ChIJ_Q2fM0QVfZIRni5evNKRZfE,https://www.facebook.com/PizzariaNightDay/,
"Tv. Santa Luzia, Oriximiná - PA, Brazil","Tv. Santa Luzia, Oriximiná - Pa, Brazil",Snack bar,,,,,,,,,Snack bar,,Oriximiná,BR,,,,,,,,+55 93 99222-2975,,ChIJw3tKwk0VfZIR4OldCW-ZchA,,,,,1.0,,,,,,State of Pará,Tv. Santa Luzia,Tv. Santa Luzia,,Lanchonete Brincando de Comer,Lanchonete Brincando de Comer,5.0,https://www.google.com/maps/search/?api=1&query=Lanchonete%20Brincando%20de%20Comer&query_place_id=ChIJw3tKwk0VfZIR4OldCW-ZchA,,
"Tv Ângelo Augusto Praça Centenário, Oriximiná - PA, Brazil","Tv Ângelo Augusto Praça Centenário, Oriximiná - Pa, Brazil",Snack bar,,,,,,,,,Snack bar,,Oriximiná,BR,,,,,,,,+55 93 99152-4907,,ChIJb8hUinIVfZIRBNCR8W77ixw,,,,,2.0,,,,,,State of Pará,Tv Ângelo Augusto Praça Centenário,Tv Ângelo Augusto Praça Centenário,,Hot Dog do mau mal,Hot Dog do mau mal,3.0,https://www.google.com/maps/search/?api=1&query=Hot%20Dog%20do%20mau%20mal&query_place_id=ChIJb8hUinIVfZIRBNCR8W77ixw,,
"Tv. Santa Luzia, Oriximiná - PA, Brazil","Tv. Santa Luzia, Oriximiná - Pa, Brazil",Snack bar,,,,,,,,,Snack bar,,Oriximiná,BR,,,,,,,,+55 93 99902-1807,,ChIJ3Q395ToVfZIRzALt08tFePk,,,,,63.0,,,,,,State of Pará,Tv. Santa Luzia,Tv. Santa Luzia,,Jack Lanches,Jack Lanches,4.4,https://www.google.com/maps/search/?api=1&query=Jack%20Lanches&query_place_id=ChIJ3Q395ToVfZIRzALt08tFePk,,
"Tv. Carlos Maria Teixeira, 2140, Oriximiná - PA, Brazil","Tv. Carlos Maria Teixeira, 2140, Oriximiná - Pa, Brazil",Pharmacy,Chemist,,,,,,,,Pharmacy,,Oriximiná,BR,,,,,,,,+55 93 99231-1968,,ChIJ52BXqMQVfZIRKuvd7RnimOA,,,,,27.0,,,,,,State of Pará,"Tv. Carlos Maria Teixeira, 2140","Tv. Carlos Maria Teixeira, 2140",,Drogarias Ultra Popular | Oriximiná,Drogarias Ultra Popular | Oriximiná,4.3,https://www.google.com/maps/search/?api=1&query=Drogarias%20Ultra%20Popular%20%7C%20Oriximin%C3%A1&query_place_id=ChIJ52BXqMQVfZIRKuvd7RnimOA,https://www.drogariasultrapopular.com.br/,
"Tv. Carlos Maria Teixeira, 28, Oriximiná - PA, Brazil","Tv. Carlos Maria Teixeira, 28, Oriximiná - Pa, Brazil",Pharmacy,Chemist,,,,,,,,Pharmacy,,Oriximiná,BR,,,,,,,,+55 93 99174-4419,,ChIJIYkQh4AVfZIRf3bZnqRygLM,,,,,22.0,,,,,,State of Pará,"Tv. Carlos Maria Teixeira, 28","Tv. Carlos Maria Teixeira, 28",,Drogarias Ultra Popular | Oriximiná,Drogarias Ultra Popular | Oriximiná,4.3,https://www.google.com/maps/search/?api=1&query=Drogarias%20Ultra%20Popular%20%7C%20Oriximin%C3%A1&query_place_id=ChIJIYkQh4AVfZIRf3bZnqRygLM,https://www.drogariasultrapopular.com.br/,
"R. Antônio Picanço Diniz, Oriximiná - PA, Brazil","R. Antônio Picanço Diniz, Oriximiná - Pa, Brazil",Bar,,,,,,,,,Bar,,Oriximiná,BR,,,,,,,,,,ChIJQTcELV0VfZIRZvuFT_PGjDU,,,,,2.0,,,,,,State of Pará,R. Antônio Picanço Diniz,R. Antônio Picanço Diniz,,Empório Beer,Empório Beer,5.0,https://www.google.com/maps/search/?api=1&query=Emp%C3%B3rio%20Beer&query_place_id=ChIJQTcELV0VfZIRZvuFT_PGjDU,,
"Tv. Carlos Maria Teixeira, Oriximiná - PA, Brazil","Tv. Carlos Maria Teixeira, Oriximiná - Pa, Brazil",Dart bar,,,,,,,,,Dart bar,,Oriximiná,BR,,,,,,,,,,ChIJrcMmn6gVfZIRL0k52emT1kU,,,,,1.0,,,,,,State of Pará,Tv. Carlos Maria Teixeira,Tv. Carlos Maria Teixeira,,VM Bar,VM Bar,4.0,https://www.google.com/maps/search/?api=1&query=VM%20Bar&query_place_id=ChIJrcMmn6gVfZIRL0k52emT1kU,,
"Av. Sete de Setembro, 2215, Oriximiná - PA, Brazil","Av. Sete de Setembro, 2215, Oriximiná - Pa, Brazil",Grill,,,,,,,,,Grill,,Oriximiná,BR,,,,,,,,+55 93 99231-7818,,ChIJWUnpnu8VfZIRXsNjJOfS3Ek,,,,,10.0,,,,,,State of Pará,"Av. Sete de Setembro, 2215","Av. Sete de Setembro, 2215",,Sabor da Brasa,Sabor da Brasa,4.8,https://www.google.com/maps/search/?api=1&query=Sabor%20da%20Brasa&query_place_id=ChIJWUnpnu8VfZIRXsNjJOfS3Ek,,
"Praça do centenário, Oriximiná - PA, Brazil","Praça do centenário, Oriximiná - Pa, Brazil",Brazilian pastelaria,,,,,,,,,Brazilian pastelaria,,Oriximiná,BR,,,,,,,,+55 93 99146-9983,,ChIJJ_ZE-KUVfZIRENeyic0_Kwo,,,,,12.0,,,,,,State of Pará,Praça do centenário,Praça do centenário,,La Belly Pastelaria,La Belly Pastelaria,4.4,https://www.google.com/maps/search/?api=1&query=La%20Belly%20Pastelaria&query_place_id=ChIJJ_ZE-KUVfZIRENeyic0_Kwo,http://facebook.com/labellypastelaria,
"R. Décima Oitava, 2158, Oriximiná - PA, Brazil","R. Décima Oitava, 2158, Oriximiná - Pa, Brazil",Hamburger restaurant,,,,,,,,,Hamburger restaurant,,Oriximiná,BR,,,,,,,,+55 93 99173-3952,,ChIJiRmx7BAVfZIRGAQDuGCRJsY,,,,,92.0,,,,,,State of Pará,"R. Décima Oitava, 2158","R. Décima Oitava, 2158",,Mr. Burger Oriximiná,Mr. Burger Oriximiná,4.7,https://www.google.com/maps/search/?api=1&query=Mr.%20Burger%20Oriximin%C3%A1&query_place_id=ChIJiRmx7BAVfZIRGAQDuGCRJsY,https://pedido.anota.ai/loja/mrburguer-5?f=msa,
"Tv. Ângelo Augusto de Oliveira, SN, Oriximiná - PA, Brazil","Tv. Ângelo Augusto de Oliveira, SN, Oriximiná - Pa, Brazil",Hamburger restaurant,Fast food restaurant,,,,,,,,Hamburger restaurant,,Oriximiná,BR,,,,,,,,+55 93 99140-8900,,ChIJs1axxj0VfZIRKHUcZ6I3wVk,,,,,239.0,,,,,,State of Pará,"Tv. Ângelo Augusto de Oliveira, SN","Tv. Ângelo Augusto de Oliveira, SN",,Tropical Burgers,Tropical Burgers,4.6,https://www.google.com/maps/search/?api=1&query=Tropical%20Burgers&query_place_id=ChIJs1axxj0VfZIRKHUcZ6I3wVk,https://tropicalburgers.menudino.com/,
"R. Décima Oitava, Oriximiná - PA, Brazil","R. Décima Oitava, Oriximiná - Pa, Brazil",Barbecue restaurant,,,,,,,,,Barbecue restaurant,,Oriximiná,BR,,,,,,,,+55 92 99438-3952,,ChIJ50Se8dMVfZIRvIUbU5objEw,,,,,3.0,,,,,,State of Pará,R. Décima Oitava,R. Décima Oitava,,Tia Dulce,Tia Dulce,5.0,https://www.google.com/maps/search/?api=1&query=Tia%20Dulce&query_place_id=ChIJ50Se8dMVfZIRvIUbU5objEw,,
"Tv. Antônio Bentes de Oliveira Guimarães, 2339, Oriximiná - PA, Brazil","Tv. Antônio Bentes de Oliveira Guimarães, 2339, Oriximiná - Pa, Brazil",Tacaca restaurant,,,,,,,,,Tacaca restaurant,,Oriximiná,BR,,,,,,,,+55 93 99104-0452,,ChIJM5Wo8wcVfZIR7VzS3bZ6284,,,,,3.0,,,,,,State of Pará,"Tv. Antônio Bentes de Oliveira Guimarães, 2339","Tv. Antônio Bentes de Oliveira Guimarães, 2339",,Tacacá da Tia Dulce,Tacacá da Tia Dulce,5.0,https://www.google.com/maps/search/?api=1&query=Tacac%C3%A1%20da%20Tia%20Dulce&query_place_id=ChIJM5Wo8wcVfZIR7VzS3bZ6284,https://instagram.com/tiadulce__?igshid=NjIwNzIyMDk2Mg==,
"Tv. Cazuza Guerreiro, Oriximiná - PA, Brazil","Tv. Cazuza Guerreiro, Oriximiná - Pa, Brazil",Restaurant,,,,,,,,,Restaurant,,Oriximiná,BR,,,,,,,,+55 93 99175-9806,,ChIJj1tSLQAVfZIR0-tz1_xK834,,,,,2.0,,,,,,State of Pará,Tv. Cazuza Guerreiro,Tv. Cazuza Guerreiro,,Comida Caseira da Dona Jane,Comida Caseira da Dona Jane,5.0,https://www.google.com/maps/search/?api=1&query=Comida%20Caseira%20da%20Dona%20Jane&query_place_id=ChIJj1tSLQAVfZIR0-tz1_xK834,,
"Oriximiná, State of Pará, Brazil","Oriximiná, State Of Pará, Brazil",Barbecue restaurant,,,,,,,,,Barbecue restaurant,,Oriximiná,BR,,,,,,,,+55 93 99224-2372,,ChIJF1HGnGoVfZIRMELAUVikfgk,,,,,18.0,,,,,,State of Pará,,,,Peixaria E Churrascaria Dona Odilia,Peixaria E Churrascaria Dona Odilia,4.6,https://www.google.com/maps/search/?api=1&query=Peixaria%20E%20Churrascaria%20Dona%20Odilia&query_place_id=ChIJF1HGnGoVfZIRMELAUVikfgk,,
"R. Primeiro de Maio, 2900, Oriximiná - PA, Brazil","R. Primeiro de Maio, 2900, Oriximiná - Pa, Brazil",Restaurant,,,,,,,,,Restaurant,,Oriximiná,BR,,,,,,,,+55 93 99142-9875,,ChIJkWyIjUUVfZIRAMD0K8j_hX8,,,,,2.0,,,,,,State of Pará,"R. Primeiro de Maio, 2900","R. Primeiro de Maio, 2900",,Churrasco do Diego,Churrasco do Diego,5.0,https://www.google.com/maps/search/?api=1&query=Churrasco%20do%20Diego&query_place_id=ChIJkWyIjUUVfZIRAMD0K8j_hX8,,
"Tv. Jonatas Pontes Hathias, 855-777, Oriximiná - PA, Brazil","Tv. Jonatas Pontes Hathias, 855-777, Oriximiná - Pa, Brazil",Restaurant,,,,,,,,,Restaurant,,Oriximiná,BR,,,,,,,,,,ChIJWYfmTwAVfZIRcUJfpfqTSeg,,,,,1.0,,,,,,State of Pará,"Tv. Jonatas Pontes Hathias, 855-777","Tv. Jonatas Pontes Hathias, 855-777",,Lanche saborear,Lanche saborear,5.0,https://www.google.com/maps/search/?api=1&query=Lanche%20saborear&query_place_id=ChIJWYfmTwAVfZIRcUJfpfqTSeg,,
"Tv. Luiz Inácio Lula da Silva - Penta, Oriximiná - PA, Brazil","Tv. Luiz Inácio Lula da Silva - Penta, Oriximiná - Pa, Brazil",Sweets and dessert buffet,,,,,,,,,Sweets and dessert buffet,,Oriximiná,BR,,,,,,,,+55 92 99525-5772,,ChIJa9h2dzIVfZIR64skCg2YjJA,,,,,1.0,,,,,,State of Pará,Tv. Luiz Inácio Lula da Silva - Penta,Tv. Luiz Inácio Lula da Silva - Penta,,"TammyCake's bolos, Doces e Salgados","TammyCake's bolos, Doces e Salgados",5.0,https://www.google.com/maps/search/?api=1&query=TammyCake's%20bolos%2C%20Doces%20e%20Salgados&query_place_id=ChIJa9h2dzIVfZIR64skCg2YjJA,,
"R. Trinta e Um de Março, Oriximiná - PA, Brazil","R. Trinta e Um de Março, Oriximiná - Pa, Brazil",Bar,,,,,,,,,Bar,,Oriximiná,BR,,,,,,,,+55 93 99128-4857,,ChIJS99Fc9AVfZIR4_PgqF9lCHU,,,,,2.0,,,,,,State of Pará,R. Trinta e Um de Março,R. Trinta e Um de Março,,Bar Do Lambança,Bar Do Lambança,3.5,https://www.google.com/maps/search/?api=1&query=Bar%20Do%20Lamban%C3%A7a&query_place_id=ChIJS99Fc9AVfZIR4_PgqF9lCHU,,
"Oriximiná, State of Pará, Brazil","Oriximiná, State Of Pará, Brazil",Cocktail bar,,,,,,,,,Cocktail bar,,Oriximiná,BR,,,,,,,,,,ChIJ84_Bp3YVfZIRJPSV_cAALMI,,,,,2.0,,,,,,State of Pará,,,,Bar do Kikão,Bar do Kikão,3.0,https://www.google.com/maps/search/?api=1&query=Bar%20do%20Kik%C3%A3o&query_place_id=ChIJ84_Bp3YVfZIRJPSV_cAALMI,,
"Tv. Carlos Maria Teixeira, 2102-2276, Oriximiná - PA, Brazil","Tv. Carlos Maria Teixeira, 2102-2276, Oriximiná - Pa, Brazil",Bar,,,,,,,,,Bar,,Oriximiná,BR,,,,,,,,,,ChIJJ4QaRUIVfZIRD8BPX6PjIzs,,,,,1.0,,,,,,State of Pará,"Tv. Carlos Maria Teixeira, 2102-2276","Tv. Carlos Maria Teixeira, 2102-2276",,Mercearia Leão (Bar do Lambreta),Mercearia Leão (Bar do Lambreta),3.0,https://www.google.com/maps/search/?api=1&query=Mercearia%20Le%C3%A3o%20(Bar%20do%20Lambreta)&query_place_id=ChIJJ4QaRUIVfZIRD8BPX6PjIzs,,
"Tv. Cel. José Gabriel Guerreiro, 405, Oriximiná - PA, Brazil","Tv. Cel. José Gabriel Guerreiro, 405, Oriximiná - Pa, Brazil",Pizza restaurant,,,,,,,,,Pizza restaurant,,Oriximiná,BR,,,,,,,,+55 92 99292-6109,,ChIJNZM-h2Q_fZIRpNvVHZ1ZPO8,,,,,3.0,,,,,,State of Pará,"Tv. Cel. José Gabriel Guerreiro, 405","Tv. Cel. José Gabriel Guerreiro, 405",,Petiscaria da Chef,Petiscaria da Chef,5.0,https://www.google.com/maps/search/?api=1&query=Petiscaria%20da%20Chef&query_place_id=ChIJNZM-h2Q_fZIRpNvVHZ1ZPO8,,
"Av. Dr. Lauro Sodré, 670, Oriximiná - PA, Brazil","Av. Dr. Lauro Sodré, 670, Oriximiná - Pa, Brazil",Restaurant,,,,,,,,,Restaurant,,Oriximiná,BR,,,,,,,,+55 93 99145-1016,,ChIJ6QW7EgAVfZIRCzS_qmXWf3g,,,,,10.0,,,,,,State of Pará,"Av. Dr. Lauro Sodré, 670","Av. Dr. Lauro Sodré, 670",,Restaurante Recanto Jacitara,Restaurante Recanto Jacitara,4.3,https://www.google.com/maps/search/?api=1&query=Restaurante%20Recanto%20Jacitara&query_place_id=ChIJ6QW7EgAVfZIRCzS_qmXWf3g,https://www.instagram.com/recanto.jacitara?igsh=MWt2ZzJpaDZzejI0Ng%3D%3D&utm_source=qr,
"R. 24 de Dezembro, box 4, Oriximiná - PA, Brazil","R. 24 de Dezembro, box 4, Oriximiná - Pa, Brazil",Brazilian pastelaria,,,,,,,,,Brazilian pastelaria,,Oriximiná,BR,,,,,,,,,,ChIJq6ZrXQAVfZIRQ8zKiGx8ZIo,,,,,4.0,,,,,,State of Pará,"R. 24 de Dezembro, box 4","R. 24 de Dezembro, box 4",,La belly pastelaria,La belly pastelaria,5.0,https://www.google.com/maps/search/?api=1&query=La%20belly%20pastelaria&query_place_id=ChIJq6ZrXQAVfZIRQ8zKiGx8ZIo,,
"Oriximiná, State of Pará, Brazil","Oriximiná, State Of Pará, Brazil",Restaurant,,,,,,,,,Restaurant,,Oriximiná,BR,,,,,,,,+55 93 99122-1945,,ChIJJX_a1NMVfZIR6Gd77McV5bg,,,,,40.0,,,,,,State of Pará,,,,Restaurante Peixe & Boi,Restaurante Peixe & Boi,4.0,https://www.google.com/maps/search/?api=1&query=Restaurante%20Peixe%20%26%20Boi&query_place_id=ChIJJX_a1NMVfZIR6Gd77McV5bg,,
"Oriximiná, State of Pará, Brazil","Oriximiná, State Of Pará, Brazil",Barbecue restaurant,,,,,,,,,Barbecue restaurant,,Oriximiná,BR,,,,,,,,+55 93 99148-6654,,ChIJe8AqArUVfZIRnJdtQ32WaBI,,,,,2.0,,,,,,State of Pará,,,,Churrascaria Deus & fiel.,Churrascaria Deus & fiel.,4.0,https://www.google.com/maps/search/?api=1&query=Churrascaria%20Deus%20%26%20fiel.&query_place_id=ChIJe8AqArUVfZIRnJdtQ32WaBI,,
"Tv. Santa Luzia, Oriximiná - PA, Brazil","Tv. Santa Luzia, Oriximiná - Pa, Brazil",Restaurant,,,,,,,,,Restaurant,,Oriximiná,BR,,,,,,,,,,ChIJd6XOe2sVfZIRzGg9-XoFImk,,,,,2.0,,,,,,State of Pará,Tv. Santa Luzia,Tv. Santa Luzia,,Restaurante kaka,Restaurante kaka,4.0,https://www.google.com/maps/search/?api=1&query=Restaurante%20kaka&query_place_id=ChIJd6XOe2sVfZIRzGg9-XoFImk,,
"R. Pedro Carlos de Oliveira, 3191, Oriximiná - PA, Brazil","R. Pedro Carlos de Oliveira, 3191, Oriximiná - Pa, Brazil",Hamburger restaurant,,,,,,,,,Hamburger restaurant,,Oriximiná,BR,,,,,,,,+55 93 99228-1786,,ChIJW1BdJRwVfZIR6Fl5--WQnqI,,,,,4.0,,,,,,State of Pará,"R. Pedro Carlos de Oliveira, 3191","R. Pedro Carlos de Oliveira, 3191",,Lá em Casa Hambúrgueria,Lá em Casa Hambúrgueria,3.0,https://www.google.com/maps/search/?api=1&query=L%C3%A1%20em%20Casa%20Hamb%C3%BArgueria&query_place_id=ChIJW1BdJRwVfZIR6Fl5--WQnqI,,
"Av. Vinte e Quatro de Dezembro, 2346, Oriximiná - PA, Brazil","Av. Vinte e Quatro de Dezembro, 2346, Oriximiná - Pa, Brazil",Ice cream shop,Sweets and dessert buffet,Pastry shop,Snack bar,Sundae restaurant,Toy library,,,,Ice cream shop,,Oriximiná,BR,,,,,,,,+55 93 99164-3507,,ChIJMVFQo1sVfZIR6YjQx5Mi5YM,,,,,3.0,,,,,,State of Pará,"Av. Vinte e Quatro de Dezembro, 2346","Av. Vinte e Quatro de Dezembro, 2346",,Sorvete Mania - Sorveteria Self Service em Oriximiná,Sorvete Mania - Sorveteria Self Service em Oriximiná,5.0,https://www.google.com/maps/search/?api=1&query=Sorvete%20Mania%20-%20Sorveteria%20Self%20Service%20em%20Oriximin%C3%A1&query_place_id=ChIJMVFQo1sVfZIR6YjQx5Mi5YM,https://www.instagram.com/sorvete_mania_oriximina/,
"Av. Independência, 2758, Oriximiná - PA, Brazil","Av. Independência, 2758, Oriximiná - Pa, Brazil",Barbecue restaurant,,,,,,,,,Barbecue restaurant,,Oriximiná,BR,,,,,,,,+55 93 99208-3698,,ChIJe-t1PcsVfZIRDqsk__Ff-VM,,,,,4.0,,,,,,State of Pará,"Av. Independência, 2758","Av. Independência, 2758",,CHURRASCARIA BRASA QUENTE.,CHURRASCARIA BRASA QUENTE.,3.5,https://www.google.com/maps/search/?api=1&query=CHURRASCARIA%20BRASA%20QUENTE.&query_place_id=ChIJe-t1PcsVfZIRDqsk__Ff-VM,,
"Tv. Cazuza Guerreiro, 430, Oriximiná - PA, Brazil","Tv. Cazuza Guerreiro, 430, Oriximiná - Pa, Brazil",Pizza restaurant,,,,,,,,,Pizza restaurant,,Oriximiná,BR,,,,,,,,+55 93 99144-4178,,ChIJSTAedowVfZIR5Qhxpv0R8YQ,,,,,15.0,,,,,,State of Pará,"Tv. Cazuza Guerreiro, 430","Tv. Cazuza Guerreiro, 430",,Esfiharia e Pizzaria Expresso,Esfiharia e Pizzaria Expresso,4.3,https://www.google.com/maps/search/?api=1&query=Esfiharia%20e%20Pizzaria%20Expresso&query_place_id=ChIJSTAedowVfZIR5Qhxpv0R8YQ,https://esfihariapizzariaexpresso.com.br/,
"Av. Barão do Rio Branco, 1932, Oriximiná - PA, Brazil","Av. Barão do Rio Branco, 1932, Oriximiná - Pa, Brazil",Hotel,,,,,,,,,Hotel,,Oriximiná,BR,,,,,,,,+55 93 99145-3805,,ChIJMwDQIGgVfZIRVCD6tL8aRWk,,,,,230.0,,,,,,State of Pará,"Av. Barão do Rio Branco, 1932","Av. Barão do Rio Branco, 1932",,Hotel Mapuera,Hotel Mapuera,4.3,https://www.google.com/maps/search/?api=1&query=Hotel%20Mapuera&query_place_id=ChIJMwDQIGgVfZIRVCD6tL8aRWk,http://mapuerahotel.com.br/,
"Tv. Carlos Maria Teixeira, 1906-2100, Oriximiná - PA, Brazil","Tv. Carlos Maria Teixeira, 1906-2100, Oriximiná - Pa, Brazil",Hotel,,,,,,,,,Hotel,,Oriximiná,BR,,,,,,,,+55 93 99192-1020,,ChIJTSPaN0IVfZIRHTDRdbbO2pY,,,,,156.0,,,,,,State of Pará,"Tv. Carlos Maria Teixeira, 1906-2100","Tv. Carlos Maria Teixeira, 1906-2100",,Hotel Cachoeiry,Hotel Cachoeiry,4.3,https://www.google.com/maps/search/?api=1&query=Hotel%20Cachoeiry&query_place_id=ChIJTSPaN0IVfZIRHTDRdbbO2pY,,
"Travessa Antônio Bentes N⁰170, Oriximiná - PA, Brazil","Travessa Antônio Bentes N⁰170, Oriximiná - Pa, Brazil",Hotel,,,,,,,,,Hotel,,Oriximiná,BR,,,,,,,,+55 93 99113-9207,,ChIJTzHsMi4VfZIRIWHLAn4GsPs,,,,,95.0,,,,,,State of Pará,Travessa Antônio Bentes N⁰170,Travessa Antônio Bentes N⁰170,,Hotel Oriximiná,Hotel Oriximiná,4.1,https://www.google.com/maps/search/?api=1&query=Hotel%20Oriximin%C3%A1&query_place_id=ChIJTzHsMi4VfZIRIWHLAn4GsPs,,
"Tv. Cel. José Gabriel Guerreiro, 204, Oriximiná - PA, Brazil","Tv. Cel. José Gabriel Guerreiro, 204, Oriximiná - Pa, Brazil",Bed & breakfast,,,,,,,,,Bed & breakfast,,Oriximiná,BR,,,,,,,,+55 93 99122-7343,,ChIJgc9qgTEVfZIRedSUm3yMT8M,,,,,106.0,,,,,,State of Pará,"Tv. Cel. José Gabriel Guerreiro, 204","Tv. Cel. José Gabriel Guerreiro, 204",,Pousada Brasil,Pousada Brasil,4.2,https://www.google.com/maps/search/?api=1&query=Pousada%20Brasil&query_place_id=ChIJgc9qgTEVfZIRedSUm3yMT8M,,
"Av. Sete de Setembro, 2324, Oriximiná - PA, Brazil","Av. Sete de Setembro, 2324, Oriximiná - Pa, Brazil",Inn,,,,,,,,,Inn,,Oriximiná,BR,,,,,,,,+55 93 3544-1351,,ChIJTYJJC1gVfZIRj8VuRFrq-JU,,,,,79.0,,,,,,State of Pará,"Av. Sete de Setembro, 2324","Av. Sete de Setembro, 2324",,Pousada Tia Amélia,Pousada Tia Amélia,4.3,https://www.google.com/maps/search/?api=1&query=Pousada%20Tia%20Am%C3%A9lia&query_place_id=ChIJTYJJC1gVfZIRj8VuRFrq-JU,http://www.pousadatiamelia.com.br/,
"Av. Quinze de Novembro, 618-812, Oriximiná - PA, Brazil","Av. Quinze de Novembro, 618-812, Oriximiná - Pa, Brazil",Hotel,,,,,,,,,Hotel,,Oriximiná,BR,,,,,,,,+55 93 99110-1727,,ChIJ-7-bVUIVfZIRqyp79_RvSPI,,,,,20.0,,,,,,State of Pará,"Av. Quinze de Novembro, 618-812","Av. Quinze de Novembro, 618-812",,Pousada Santo Antonio,Pousada Santo Antonio,4.4,https://www.google.com/maps/search/?api=1&query=Pousada%20Santo%20Antonio&query_place_id=ChIJ-7-bVUIVfZIRqyp79_RvSPI,,
"Tv. Santa Luzia, 1530, Oriximiná - PA, Brazil","Tv. Santa Luzia, 1530, Oriximiná - Pa, Brazil",Hotel,,,,,,,,,Hotel,,Oriximiná,BR,,,,,,,,+55 93 99119-5063,,ChIJnwuHKiMVfZIR1KsIQXrvV9s,,,,,8.0,,,,,,State of Pará,"Tv. Santa Luzia, 1530","Tv. Santa Luzia, 1530",,Pousada dos viajantes,Pousada dos viajantes,4.4,https://www.google.com/maps/search/?api=1&query=Pousada%20dos%20viajantes&query_place_id=ChIJnwuHKiMVfZIR1KsIQXrvV9s,,
"R. Barão do Rio Branco, 2207, Oriximiná - PA, Brazil","R. Barão do Rio Branco, 2207, Oriximiná - Pa, Brazil",Hotel,,,,,,,,,Hotel,,Oriximiná,BR,,,,,,,,+55 93 99236-3592,,ChIJn57GZw8VfZIRuDlgfh8dgWs,,,,,97.0,,,,,,State of Pará,"R. Barão do Rio Branco, 2207","R. Barão do Rio Branco, 2207",,Hotel Sapucuá,Hotel Sapucuá,4.9,https://www.google.com/maps/search/?api=1&query=Hotel%20Sapucu%C3%A1&query_place_id=ChIJn57GZw8VfZIRuDlgfh8dgWs,,
"Rua Marechal, Av. Castelo Branco, Oriximiná - PA, Brazil","Rua Marechal, Av. Castelo Branco, Oriximiná - Pa, Brazil",Hotel,,,,,,,,,Hotel,,Oriximiná,BR,,,,,,,,+55 93 99193-0409,,ChIJddJ1eE4VfZIRWdUr2QgLjfA,,,,,41.0,,,,,,State of Pará,"Rua Marechal, Av. Castelo Branco","Rua Marechal, Av. Castelo Branco",,Hotel Sonho Meu,Hotel Sonho Meu,4.5,https://www.google.com/maps/search/?api=1&query=Hotel%20Sonho%20Meu&query_place_id=ChIJddJ1eE4VfZIRWdUr2QgLjfA,,
"Av. Independência, Oriximiná - PA, Brazil","Av. Independência, Oriximiná - Pa, Brazil",Inn,,,,,,,,,Inn,,Oriximiná,BR,,,,,,,,+55 93 99133-2710,,ChIJvdLKAgEVfZIRNQ6_78v_T7g,,,,,1.0,,,,,,State of Pará,Av. Independência,Av. Independência,,Pousada Príncipe da Paz,Pousada Príncipe da Paz,5.0,https://www.google.com/maps/search/?api=1&query=Pousada%20Pr%C3%ADncipe%20da%20Paz&query_place_id=ChIJvdLKAgEVfZIRNQ6_78v_T7g,,
"Tv. César Guerreiro, 726, Oriximiná - PA, Brazil","Tv. César Guerreiro, 726, Oriximiná - Pa, Brazil",Bed & breakfast,,,,,,,,,Bed & breakfast,,Oriximiná,BR,,,,,,,,+55 93 99100-7301,,ChIJ95ksV0MVfZIRDCON2NA7-4Q,,,,,21.0,,,,,,State of Pará,"Tv. César Guerreiro, 726","Tv. César Guerreiro, 726",,Pousada Uirapuru,Pousada Uirapuru,3.4,https://www.google.com/maps/search/?api=1&query=Pousada%20Uirapuru&query_place_id=ChIJ95ksV0MVfZIRDCON2NA7-4Q,https://www.facebook.com/pousadauirapuru,
"Oriximiná, State of Pará, Brazil","Oriximiná, State Of Pará, Brazil",Hotel,,,,,,,,,Hotel,,Oriximiná,BR,,,,,,,,,,ChIJU6QkSpQVfZIR5NRLem1zTmQ,,,,,4.0,,,,,,State of Pará,,,,Pousada Paraíso,Pousada Paraíso,5.0,https://www.google.com/maps/search/?api=1&query=Pousada%20Para%C3%ADso&query_place_id=ChIJU6QkSpQVfZIR5NRLem1zTmQ,,
"Tv. Carlos Maria Teixeira, 915, Oriximiná - PA, Brazil","Tv. Carlos Maria Teixeira, 915, Oriximiná - Pa, Brazil",Barbecue restaurant,,,,,,,,,Barbecue restaurant,,Oriximiná,BR,,,,,,,,,,ChIJXzeibQAVfZIRdxUAuJNtup4,,,,,1.0,,,,,,State of Pará,"Tv. Carlos Maria Teixeira, 915","Tv. Carlos Maria Teixeira, 915",,Lavor churrascaria,Lavor churrascaria,5.0,https://www.google.com/maps/search/?api=1&query=Lavor%20churrascaria&query_place_id=ChIJXzeibQAVfZIRdxUAuJNtup4,,
"Passagem Hilário Matos, 1460, Oriximiná - PA, Brazil","Passagem Hilário Matos, 1460, Oriximiná - Pa, Brazil",Pizza restaurant,,,,,,,,,Pizza restaurant,,Oriximiná,BR,,,,,,,,+55 93 99209-3132,,ChIJ_cdZuZoVfZIRHNUAqaTycqg,,,,,16.0,,,,,,State of Pará,"Passagem Hilário Matos, 1460","Passagem Hilário Matos, 1460",,PIZZARIA E RESTAURANTE COME MANIA,PIZZARIA E RESTAURANTE COME MANIA,4.2,https://www.google.com/maps/search/?api=1&query=PIZZARIA%20E%20RESTAURANTE%20COME%20MANIA&query_place_id=ChIJ_cdZuZoVfZIRHNUAqaTycqg,,
"Tv. Antônio Bentes de Oliveira Guimarães, 813, Oriximiná - PA, Brazil","Tv. Antônio Bentes de Oliveira Guimarães, 813, Oriximiná - Pa, Brazil",Pizza restaurant,,,,,,,,,Pizza restaurant,,Oriximiná,BR,,,,,,,,+55 93 99138-2546,,ChIJlU6ooU0VfZIRRoaW29nJKZI,,,,,1.0,,,,,,State of Pará,"Tv. Antônio Bentes de Oliveira Guimarães, 813","Tv. Antônio Bentes de Oliveira Guimarães, 813",,Kero Mais Pizzaria,Kero Mais Pizzaria,4.0,https://www.google.com/maps/search/?api=1&query=Kero%20Mais%20Pizzaria&query_place_id=ChIJlU6ooU0VfZIRRoaW29nJKZI,,
"Tv. Santa Luzia, 2038-2250, Oriximiná - PA, Brazil","Tv. Santa Luzia, 2038-2250, Oriximiná - Pa, Brazil",Barbecue restaurant,,,,,,,,,Barbecue restaurant,,Oriximiná,BR,,,,,,,,+55 991040643,,ChIJh51B1UEVfZIRb3-A1CuU5xU,,,,,6.0,,,,,,State of Pará,"Tv. Santa Luzia, 2038-2250","Tv. Santa Luzia, 2038-2250",,Comidas Da Cris,Comidas Da Cris,3.7,https://www.google.com/maps/search/?api=1&query=Comidas%20Da%20Cris&query_place_id=ChIJh51B1UEVfZIRb3-A1CuU5xU,,
"Av. Independência, 663, Oriximiná - PA, Brazil","Av. Independência, 663, Oriximiná - Pa, Brazil",Restaurant,Car wash,Convenience store,Oil change service,Gas station,,,,,Restaurant,,Oriximiná,BR,,,,,,,,+55 93 99141-2019,,ChIJN9TIP1sVfZIR2N1Rp6iw5ik,,,,,27.0,,,,,,State of Pará,"Av. Independência, 663","Av. Independência, 663",,Posto Ipiranga,Posto Ipiranga,4.0,https://www.google.com/maps/search/?api=1&query=Posto%20Ipiranga&query_place_id=ChIJN9TIP1sVfZIR2N1Rp6iw5ik,https://www.ipiranga.com.br/wps/portal/pt-br/ipiranga/inicio,
"R. João Batista de Oliveira, N° 2355, Oriximiná - PA, Brazil","R. João Batista de Oliveira, N° 2355, Oriximiná - Pa, Brazil",Love hotel,,,,,,,,,Love hotel,,Oriximiná,BR,,,,,,,,,,ChIJUe7z_1IVfZIRMro5tRsCvq8,,,,,4.0,,,,,,State of Pará,"R. João Batista de Oliveira, N° 2355","R. João Batista de Oliveira, N° 2355",,Ellus Motel,Ellus Motel,5.0,https://www.google.com/maps/search/?api=1&query=Ellus%20Motel&query_place_id=ChIJUe7z_1IVfZIRMro5tRsCvq8,,
"PA-439, Oriximiná - PA, Brazil","PA-439, Oriximiná - Pa, Brazil",Motel,,,,,,,,,Motel,,Oriximiná,BR,,,,,,,,+55 991143731,,ChIJ3w6Ez4UVfZIR2R-d4Am5UCQ,,,,,10.0,,,,,,State of Pará,PA-439,PA-439,,La'mour motel,La'mour motel,4.3,https://www.google.com/maps/search/?api=1&query=La'mour%20motel&query_place_id=ChIJ3w6Ez4UVfZIR2R-d4Am5UCQ,,
"Estrada do Caipurú, primeira entrada á esquerda, Oriximiná - PA, Brazil","Estrada do Caipurú, primeira entrada á esquerda, Oriximiná - Pa, Brazil",Resort hotel,,,,,,,,,Resort hotel,,Oriximiná,BR,,,,,,,,+55 93 99116-4640,,ChIJY87pjRgTfZIRvoGmy5B99Bc,,,,,63.0,,,,,,State of Pará,"Estrada do Caipurú, primeira entrada á esquerda","Estrada do Caipurú, primeira entrada á esquerda",,Sítio do Tomé,Sítio do Tomé,4.7,https://www.google.com/maps/search/?api=1&query=S%C3%ADtio%20do%20Tom%C3%A9&query_place_id=ChIJY87pjRgTfZIRvoGmy5B99Bc,,
"Oriximiná, State of Pará, Brazil","Oriximiná, State Of Pará, Brazil",Motel,,,,,,,,,Motel,,Oriximiná,BR,,,,,,,,,,ChIJ1eJOKl0VfZIR29zS116wIqc,,,,,1.0,,,,,,State of Pará,,,,Recanto do ney,Recanto do ney,5.0,https://www.google.com/maps/search/?api=1&query=Recanto%20do%20ney&query_place_id=ChIJ1eJOKl0VfZIR29zS116wIqc,,
"Tv. Cazuza Guerreiro, Oriximiná - PA, Brazil","Tv. Cazuza Guerreiro, Oriximiná - Pa, Brazil",Snack bar,,,,,,,,,Snack bar,,Oriximiná,BR,,,,,,,,+55 93 99175-9806,,ChIJ_9igQAAVfZIRLLQ8gNedNYY,,,,,3.0,,,,,,State of Pará,Tv. Cazuza Guerreiro,Tv. Cazuza Guerreiro,,Marquinho's Lanches,Marquinho's Lanches,4.0,https://www.google.com/maps/search/?api=1&query=Marquinho's%20Lanches&query_place_id=ChIJ_9igQAAVfZIRLLQ8gNedNYY,,
"Av. Barão do Rio Branco, 1017-837, Oriximiná - PA, Brazil","Av. Barão do Rio Branco, 1017-837, Oriximiná - Pa, Brazil",Cafe,,,,,,,,,Cafe,,Oriximiná,BR,,,,,,,,,,ChIJ8XsS8n8VfZIReGyymN8A3PM,,,,,36.0,,,,,,State of Pará,"Av. Barão do Rio Branco, 1017-837","Av. Barão do Rio Branco, 1017-837",,Padaria Doces & Sabores,Padaria Doces & Sabores,4.7,https://www.google.com/maps/search/?api=1&query=Padaria%20Doces%20%26%20Sabores&query_place_id=ChIJ8XsS8n8VfZIReGyymN8A3PM,,
"Av. Vinte e Quatro de Dezembro, 2280, Oriximiná - PA, Brazil","Av. Vinte e Quatro de Dezembro, 2280, Oriximiná - Pa, Brazil",Coffee shop,,,,,,,,,Coffee shop,,Oriximiná,BR,,,,,,,,+55 93 99241-2998,,ChIJJzKRJ2kVfZIRjAo_YiqseBE,,,,,34.0,,,,,,State of Pará,"Av. Vinte e Quatro de Dezembro, 2280","Av. Vinte e Quatro de Dezembro, 2280",,Café da Sande - Experience,Café da Sande - Experience,4.4,https://www.google.com/maps/search/?api=1&query=Caf%C3%A9%20da%20Sande%20-%20Experience&query_place_id=ChIJJzKRJ2kVfZIRjAo_YiqseBE,https://instagram.com/cafedasande?igshid=eHdpanV5dDRueW5u,
"Próximo ao Posto de Combustível MCD - Rua 24 de dezembro 2624 esquina com, Tv. Emídio Ferreira Martins, Oriximiná - PA, Brazil","Próximo ao Posto de Combustível MCD - Rua 24 de dezembro 2624 esquina com, Tv. Emídio Ferreira Martins, Oriximiná - Pa, Brazil",Restaurant,,,,,,,,,Restaurant,,Oriximiná,BR,,,,,,,,+55 93 98423-5847,,ChIJs4yuWQ0VfZIRCP7bvAusQ1s,,,,,11.0,,,,,,State of Pará,"Próximo ao Posto de Combustível MCD - Rua 24 de dezembro 2624 esquina com, Tv. Emídio Ferreira Martins","Próximo ao Posto de Combustível MCD - Rua 24 de dezembro 2624 esquina com, Tv. Emídio Ferreira Martins",,Restaurante Ariabu,Restaurante Ariabu,4.7,https://www.google.com/maps/search/?api=1&query=Restaurante%20Ariabu&query_place_id=ChIJs4yuWQ0VfZIRCP7bvAusQ1s,,
"Tv. César Guerreiro, Oriximiná - PA, Brazil","Tv. César Guerreiro, Oriximiná - Pa, Brazil",Grill,,,,,,,,,Grill,,Oriximiná,BR,,,,,,,,+55 93 99236-2987,,ChIJVw1jCV0VfZIR4eho2kPvlUU,,,,,6.0,,,,,,State of Pará,Tv. César Guerreiro,Tv. César Guerreiro,,Churrascaria Carvalho,Churrascaria Carvalho,5.0,https://www.google.com/maps/search/?api=1&query=Churrascaria%20Carvalho&query_place_id=ChIJVw1jCV0VfZIR4eho2kPvlUU,,
"Tv. Manoel Afonso da Silva, Oriximiná - PA, Brazil","Tv. Manoel Afonso da Silva, Oriximiná - Pa, Brazil",Restaurant,,,,,,,,,Restaurant,,Oriximiná,BR,,,,,,,,+55 93 99137-4239,,ChIJI1TYUQA_fZIRlQBy7vTDRWs,,,,,1.0,,,,,,State of Pará,Tv. Manoel Afonso da Silva,Tv. Manoel Afonso da Silva,,Restaurante Tia Branca 🥘,Restaurante Tia Branca 🥘,5.0,https://www.google.com/maps/search/?api=1&query=Restaurante%20Tia%20Branca%20%F0%9F%A5%98&query_place_id=ChIJI1TYUQA_fZIRlQBy7vTDRWs,,
"Estr. Lago do Iripixi, Oriximiná - PA, Brazil","Estr. Lago do Iripixi, Oriximiná - Pa, Brazil",Restaurant,,,,,,,,,Restaurant,,Oriximiná,BR,,,,,,,,+55 93 99247-9866,,ChIJxUpCfSBBfZIRYmlBqMj3Zlc,,,,,3.0,,,,,,State of Pará,Estr. Lago do Iripixi,Estr. Lago do Iripixi,,Recanto do iripixi,Recanto do iripixi,5.0,https://www.google.com/maps/search/?api=1&query=Recanto%20do%20iripixi&query_place_id=ChIJxUpCfSBBfZIRYmlBqMj3Zlc,,
"Tv. Armando Gato da Silva, 592, Oriximiná - PA, Brazil","Tv. Armando Gato da Silva, 592, Oriximiná - Pa, Brazil",Barbecue restaurant,,,,,,,,,Barbecue restaurant,,Oriximiná,BR,,,,,,,,+55 92 99208-9776,,ChIJVRIWZQAVfZIRLPujyB2uN-w,,,,,1.0,,,,,,State of Pará,"Tv. Armando Gato da Silva, 592","Tv. Armando Gato da Silva, 592",,Churrascaria Espeto Mania,Churrascaria Espeto Mania,5.0,https://www.google.com/maps/search/?api=1&query=Churrascaria%20Espeto%20Mania&query_place_id=ChIJVRIWZQAVfZIRLPujyB2uN-w,,
"Tv. João Guerreiro, 702, Oriximiná - PA, Brazil","Tv. João Guerreiro, 702, Oriximiná - Pa, Brazil",Snack bar,,,,,,,,,Snack bar,,Oriximiná,BR,,,,,,,,+55 93 99244-3947,,ChIJNyLOyWIVfZIRPUEfMAX7awM,,,,,18.0,,,,,,State of Pará,"Tv. João Guerreiro, 702","Tv. João Guerreiro, 702",,King Dog Hamburgueria - Oriximiná,King Dog Hamburgueria - Oriximiná,4.7,https://www.google.com/maps/search/?api=1&query=King%20Dog%20Hamburgueria%20-%20Oriximin%C3%A1&query_place_id=ChIJNyLOyWIVfZIRPUEfMAX7awM,https://www.instagram.com/invites/contact/?i=1xc34mlj9fk4h&utm_content=alz4fdi,
"Tv. César Guerreiro, 782, Oriximiná - PA, Brazil","Tv. César Guerreiro, 782, Oriximiná - Pa, Brazil",Pizza restaurant,,,,,,,,,Pizza restaurant,,Oriximiná,BR,,,,,,,,+55 93 99105-4696,,ChIJ2f6xXdoVfZIRBDYqtStVEAU,,,,,29.0,,,,,,State of Pará,"Tv. César Guerreiro, 782","Tv. César Guerreiro, 782",,Pizzaria BROTHER'S Beer,Pizzaria BROTHER'S Beer,4.3,https://www.google.com/maps/search/?api=1&query=Pizzaria%20BROTHER'S%20Beer&query_place_id=ChIJ2f6xXdoVfZIRBDYqtStVEAU,https://www.starfood.com.br/brothersbeer,
"R. Pedro Carlos de Oliveira, N°3191, Oriximiná - PA, Brazil","R. Pedro Carlos de Oliveira, N°3191, Oriximiná - Pa, Brazil",Pizza restaurant,,,,,,,,,Pizza restaurant,,Oriximiná,BR,,,,,,,,+55 93 99168-2344,,ChIJQzIt-kEVfZIRF4bQMhiPH9A,,,,,2.0,,,,,,State of Pará,"R. Pedro Carlos de Oliveira, N°3191","R. Pedro Carlos de Oliveira, N°3191",,Pizza Quadrada,Pizza Quadrada,5.0,https://www.google.com/maps/search/?api=1&query=Pizza%20Quadrada&query_place_id=ChIJQzIt-kEVfZIRF4bQMhiPH9A,,
"Av. Dr. Lauro Sodré, 3173, Oriximiná - PA, Brazil","Av. Dr. Lauro Sodré, 3173, Oriximiná - Pa, Brazil",Korean barbecue restaurant,,,,,,,,,Korean barbecue restaurant,,Oriximiná,BR,,,,,,,,,,ChIJA94B_-Q_fZIRhSBjk0aTGvw,,,,,14.0,,,,,,State of Pará,"Av. Dr. Lauro Sodré, 3173","Av. Dr. Lauro Sodré, 3173",,Parque de exposições Diniz Filho,Parque de exposições Diniz Filho,3.6,https://www.google.com/maps/search/?api=1&query=Parque%20de%20exposi%C3%A7%C3%B5es%20Diniz%20Filho&query_place_id=ChIJA94B_-Q_fZIRhSBjk0aTGvw,,
"Estr. Lago do Iripixi, Oriximiná - PA, Brazil","Estr. Lago do Iripixi, Oriximiná - Pa, Brazil",Bar,,,,,,,,,Bar,,Oriximiná,BR,,,,,,,,,,ChIJWzmtKFIVfZIR7nM7ZTH4qO0,,,,,19.0,,,,,,State of Pará,Estr. Lago do Iripixi,Estr. Lago do Iripixi,,Bodega da Lane,Bodega da Lane,4.4,https://www.google.com/maps/search/?api=1&query=Bodega%20da%20Lane&query_place_id=ChIJWzmtKFIVfZIR7nM7ZTH4qO0,,
"Tv. Manoel Afonso da Silva, 450, Oriximiná - PA, Brazil","Tv. Manoel Afonso da Silva, 450, Oriximiná - Pa, Brazil",Lounge bar,,,,,,,,,Lounge bar,,Oriximiná,BR,,,,,,,,+55 93 99243-4744,,ChIJ4dl8NsQVfZIRXPS6OFUl38s,,,,,1.0,,,,,,State of Pará,"Tv. Manoel Afonso da Silva, 450","Tv. Manoel Afonso da Silva, 450",,Estúdio Jacy Oliveira (Design),Estúdio Jacy Oliveira (Design),5.0,https://www.google.com/maps/search/?api=1&query=Est%C3%BAdio%20Jacy%20Oliveira%20(Design)&query_place_id=ChIJ4dl8NsQVfZIRXPS6OFUl38s,,
"Tv. Piquiá, 240, Oriximiná - PA, Brazil","Tv. Piquiá, 240, Oriximiná - Pa, Brazil",Bar,,,,,,,,,Bar,,Oriximiná,BR,,,,,,,,,,ChIJJYjGtrE_fZIRmz140tUfdNQ,,,,,1.0,,,,,,State of Pará,"Tv. Piquiá, 240","Tv. Piquiá, 240",,Arena Bee,Arena Bee,5.0,https://www.google.com/maps/search/?api=1&query=Arena%20Bee&query_place_id=ChIJJYjGtrE_fZIRmz140tUfdNQ,,
"649W+9F, Oriximiná - PA, Brazil","649W+9F, Oriximiná - Pa, Brazil",Bar,,,,,,,,,Bar,,Oriximiná,BR,,,,,,,,+55 92 99281-3436,,ChIJX-8PqtU_fZIRWG8aURR4DxU,,,,,1.0,,,,,,State of Pará,649W+9F,649W+9F,,Piscinas Bar,Piscinas Bar,5.0,https://www.google.com/maps/search/?api=1&query=Piscinas%20Bar&query_place_id=ChIJX-8PqtU_fZIRWG8aURR4DxU,,
"Oriximiná, State of Pará, Brazil","Oriximiná, State Of Pará, Brazil",Live music bar,,,,,,,,,Live music bar,,Oriximiná,BR,,,,,,,,,,ChIJmVl-WQdAfZIR2mcj7FMzn1I,,,,,1.0,,,,,,State of Pará,,,,Mormaço Beer,Mormaço Beer,3.0,https://www.google.com/maps/search/?api=1&query=Morma%C3%A7o%20Beer&query_place_id=ChIJmVl-WQdAfZIR2mcj7FMzn1I,,
"Oriximiná, State of Pará, Brazil","Oriximiná, State Of Pará, Brazil",Love hotel,,,,,,,,,Love hotel,,Oriximiná,BR,,,,,,,,+55 93 99135-3765,,ChIJxV5JqzIVfZIRU6sk4zIBXRE,,,,,12.0,,,,,,State of Pará,,,,Quincas Motel,Quincas Motel,4.0,https://www.google.com/maps/search/?api=1&query=Quincas%20Motel&query_place_id=ChIJxV5JqzIVfZIRU6sk4zIBXRE,,
"R. Aciole Ramos, N°1109, Oriximiná - PA, Brazil","R. Aciole Ramos, N°1109, Oriximiná - Pa, Brazil",Coffee shop,,,,,,,,,Coffee shop,,Oriximiná,BR,,,,,,,,,,ChIJj7f4l3EVfZIRPWGRAzzx9WA,,,,,2.0,,,,,,State of Pará,"R. Aciole Ramos, N°1109","R. Aciole Ramos, N°1109",,Café do Jota,Café do Jota,4.5,https://www.google.com/maps/search/?api=1&query=Caf%C3%A9%20do%20Jota&query_place_id=ChIJj7f4l3EVfZIRPWGRAzzx9WA,,
"Tv. Antônio Bentes de Oliveira Guimarães, 2439-2265, Oriximiná - PA, Brazil","Tv. Antônio Bentes de Oliveira Guimarães, 2439-2265, Oriximiná - Pa, Brazil",Bakery,,,,,,,,,Bakery,,Oriximiná,BR,,,,,,,,,,ChIJ9wr1ItkVfZIR_CvoKnQev14,,,,,50.0,,,,,,State of Pará,"Tv. Antônio Bentes de Oliveira Guimarães, 2439-2265","Tv. Antônio Bentes de Oliveira Guimarães, 2439-2265",,Panificadora Panis,Panificadora Panis,4.6,https://www.google.com/maps/search/?api=1&query=Panificadora%20Panis&query_place_id=ChIJ9wr1ItkVfZIR_CvoKnQev14,,
"Tv. Antônio Bentes de Oliveira Guimarães, 2649-2591, Oriximiná - PA, Brazil","Tv. Antônio Bentes de Oliveira Guimarães, 2649-2591, Oriximiná - Pa, Brazil",Coffee shop,,,,,,,,,Coffee shop,,Oriximiná,BR,,,,,,,,+55 93 99194-3490,,ChIJDXhICycVfZIRYRV5TCSIaIE,,,,,4.0,,,,,,State of Pará,"Tv. Antônio Bentes de Oliveira Guimarães, 2649-2591","Tv. Antônio Bentes de Oliveira Guimarães, 2649-2591",,Lanche da Goretti,Lanche da Goretti,4.3,https://www.google.com/maps/search/?api=1&query=Lanche%20da%20Goretti&query_place_id=ChIJDXhICycVfZIRYRV5TCSIaIE,,
"Tv. Antônio Imbiriba Guerreiro, 342, Oriximiná - PA, Brazil","Tv. Antônio Imbiriba Guerreiro, 342, Oriximiná - Pa, Brazil",Gym,,,,,,,,,Gym,,Oriximiná,BR,,,,,,,,+55 93 99173-8169,,ChIJ_bwdRbIVfZIRp2FmoaXHG4I,,,,,20.0,,,,,,State of Pará,"Tv. Antônio Imbiriba Guerreiro, 342","Tv. Antônio Imbiriba Guerreiro, 342",,CT TROMBETAS,CT TROMBETAS,5.0,https://www.google.com/maps/search/?api=1&query=CT%20TROMBETAS&query_place_id=ChIJ_bwdRbIVfZIRp2FmoaXHG4I,,
"Tv. Emídio Ferreira Martins, 266, Oriximiná - PA, Brazil","Tv. Emídio Ferreira Martins, 266, Oriximiná - Pa, Brazil",Coffee shop,,,,,,,,,Coffee shop,,Oriximiná,BR,,,,,,,,+55 93 99241-5560,,ChIJg28PMkoVfZIR7LtS5qV4SyY,,,,,3.0,,,,,,State of Pará,"Tv. Emídio Ferreira Martins, 266","Tv. Emídio Ferreira Martins, 266",,VARANDA de CASA,VARANDA de CASA,5.0,https://www.google.com/maps/search/?api=1&query=VARANDA%20de%20CASA&query_place_id=ChIJg28PMkoVfZIR7LtS5qV4SyY,,
"Tv. Carlos Maria Teixeira, Oriximiná - PA, Brazil","Tv. Carlos Maria Teixeira, Oriximiná - Pa, Brazil",Internet cafe,,,,,,,,,Internet cafe,,Oriximiná,BR,,,,,,,,+55 93 99241-4289,,ChIJNeZmP2sVfZIRj_P2hmL8F8s,,,,,1.0,,,,,,State of Pará,Tv. Carlos Maria Teixeira,Tv. Carlos Maria Teixeira,,CYBER AZUZ TEK,CYBER AZUZ TEK,5.0,https://www.google.com/maps/search/?api=1&query=CYBER%20AZUZ%20TEK&query_place_id=ChIJNeZmP2sVfZIRj_P2hmL8F8s,,
"Oriximiná, State of Pará, Brazil","Oriximiná, State Of Pará, Brazil",Ice cream shop,,,,,,,,,Ice cream shop,,Oriximiná,BR,,,,,,,,,,ChIJiVIoJgAVfZIR_MM-7eKlX7o,,,,,3.0,,,,,,State of Pará,,,,Casa do bluds(Renê),Casa do bluds(Renê),5.0,https://www.google.com/maps/search/?api=1&query=Casa%20do%20bluds(Ren%C3%AA)&query_place_id=ChIJiVIoJgAVfZIR_MM-7eKlX7o,,
"R. Braz Antônio Mileo, Mileruao, 469, Oriximiná - PA, Brazil","R. Braz Antônio Mileo, Mileruao, 469, Oriximiná - Pa, Brazil",Supermarket,,,,,,,,,Supermarket,,Oriximiná,BR,,,,,,,,,,ChIJBakD8CYVfZIRC3g96KcE0-s,,,,,35.0,,,,,,State of Pará,"R. Braz Antônio Mileo, Mileruao, 469","R. Braz Antônio Mileo, Mileruao, 469",,Mercantil Luana,Mercantil Luana,4.1,https://www.google.com/maps/search/?api=1&query=Mercantil%20Luana&query_place_id=ChIJBakD8CYVfZIRC3g96KcE0-s,http://www.facebook.com/mercantilLuana,
"Tv. Jonathas Athias, Oriximiná - PA, Brazil","Tv. Jonathas Athias, Oriximiná - Pa, Brazil",Ice cream shop,,,,,,,,,Ice cream shop,,Oriximiná,BR,,,,,,,,,,ChIJmUgrucMVfZIR934zK0tAMwM,,,,,3.0,,,,,,State of Pará,Tv. Jonathas Athias,Tv. Jonathas Athias,,Meu açaí,Meu açaí,5.0,https://www.google.com/maps/search/?api=1&query=Meu%20a%C3%A7a%C3%AD&query_place_id=ChIJmUgrucMVfZIR934zK0tAMwM,,
"Rua Marechal Castelo Branco, Oriximiná - PA, Brazil","Rua Marechal Castelo Branco, Oriximiná - Pa, Brazil",Bakery,,,,,,,,,Bakery,,Oriximiná,BR,,,,,,,,,,ChIJhYOutW4VfZIR20tE9AKIQFY,,,,,1.0,,,,,,State of Pará,Rua Marechal Castelo Branco,Rua Marechal Castelo Branco,,Padaria Craó,Padaria Craó,5.0,https://www.google.com/maps/search/?api=1&query=Padaria%20Cra%C3%B3&query_place_id=ChIJhYOutW4VfZIR20tE9AKIQFY,,
"R. Pedro Carlos de Oliveira, 511, Oriximiná - PA, Brazil","R. Pedro Carlos de Oliveira, 511, Oriximiná - Pa, Brazil",Barber shop,,,,,,,,,Barber shop,,Oriximiná,BR,,,,,,,,+55 93 99100-4654,,ChIJRaNfS7wVfZIRV1ci45ZY6hs,,,,,16.0,,,,,,State of Pará,"R. Pedro Carlos de Oliveira, 511","R. Pedro Carlos de Oliveira, 511",,Berbearia Souza,Berbearia Souza,4.8,https://www.google.com/maps/search/?api=1&query=Berbearia%20Souza&query_place_id=ChIJRaNfS7wVfZIRV1ci45ZY6hs,,
"R. Barão do Rio Branco, Oriximiná - PA, Brazil","R. Barão do Rio Branco, Oriximiná - Pa, Brazil",Ice cream shop,,,,,,,,,Ice cream shop,,Oriximiná,BR,,,,,,,,+55 93 99228-4461,,ChIJ7Z1S5TgVfZIRYFDp3is5HVQ,,,,,2.0,,,,,,State of Pará,R. Barão do Rio Branco,R. Barão do Rio Branco,,Beijo frio sorvete,Beijo frio sorvete,5.0,https://www.google.com/maps/search/?api=1&query=Beijo%20frio%20sorvete&query_place_id=ChIJ7Z1S5TgVfZIRYFDp3is5HVQ,,
"R. Pedro Carlos de Oliveira, n° 2473, Oriximiná - PA, Brazil","R. Pedro Carlos de Oliveira, n° 2473, Oriximiná - Pa, Brazil",Hamburger restaurant,,,,,,,,,Hamburger restaurant,,Oriximiná,BR,,,,,,,,+55 93 99160-5121,,ChIJFcaoxtgVfZIR8JsiFRfemFs,,,,,1.0,,,,,,State of Pará,"R. Pedro Carlos de Oliveira, n° 2473","R. Pedro Carlos de Oliveira, n° 2473",,Hamburgueria do Cheff,Hamburgueria do Cheff,5.0,https://www.google.com/maps/search/?api=1&query=Hamburgueria%20do%20Cheff&query_place_id=ChIJFcaoxtgVfZIR8JsiFRfemFs,,
"R. Pedro Carlos de Oliveira, Oriximiná - PA, Brazil","R. Pedro Carlos de Oliveira, Oriximiná - Pa, Brazil",Wedding buffet,Children's party buffet,Sweets and dessert buffet,,,,,,,Wedding buffet,,Oriximiná,BR,,,,,,,,+55 93 99100-1404,,ChIJkYjukSGMMS4RFNc4rmvzXO8,,,,,2.0,,,,,,State of Pará,R. Pedro Carlos de Oliveira,R. Pedro Carlos de Oliveira,,Buffet Delícias da Emília,Buffet Delícias da Emília,5.0,https://www.google.com/maps/search/?api=1&query=Buffet%20Del%C3%ADcias%20da%20Em%C3%ADlia&query_place_id=ChIJkYjukSGMMS4RFNc4rmvzXO8,https://www.facebook.com/profile.php?id=100036874740296&mibextid=LQQJ4d,
"Tv. Antônio Imbiriba Guerreiro, 936, Oriximiná - PA, Brazil","Tv. Antônio Imbiriba Guerreiro, 936, Oriximiná - Pa, Brazil",Food manufacturing supply,Candy store,Diner,Food manufacturer,Tapas bar,,,,,Food manufacturing supply,,Oriximiná,BR,,,,,,,,+55 93 99123-4375,,ChIJe7OfI20VfZIRRABY3_fSb48,,,,,2.0,,,,,,State of Pará,"Tv. Antônio Imbiriba Guerreiro, 936","Tv. Antônio Imbiriba Guerreiro, 936",,CCC doces e salgados,CCC doces e salgados,5.0,https://www.google.com/maps/search/?api=1&query=CCC%20doces%20e%20salgados&query_place_id=ChIJe7OfI20VfZIRRABY3_fSb48,,
"Tv. Bela Vista, Oriximiná - PA, Brazil","Tv. Bela Vista, Oriximiná - Pa, Brazil",Restaurant,,,,,,,,,Restaurant,,Oriximiná,BR,,,,,,,,+55 93 99169-3607,,ChIJ7xILh5UVfZIRjefd7JG4vzc,,,,,8.0,,,,,,State of Pará,Tv. Bela Vista,Tv. Bela Vista,,Recanto Guerreiro Lobato,Recanto Guerreiro Lobato,4.9,https://www.google.com/maps/search/?api=1&query=Recanto%20Guerreiro%20Lobato&query_place_id=ChIJ7xILh5UVfZIRjefd7JG4vzc,,
"Tv. Ângelo Augusto de Oliveira, 579, Oriximiná - PA, Brazil","Tv. Ângelo Augusto de Oliveira, 579, Oriximiná - Pa, Brazil",Snack bar,,,,,,,,,Snack bar,,Oriximiná,BR,,,,,,,,+55 93 99231-4704,,ChIJl7p1w7oVfZIR2z_gdVTohYI,,,,,18.0,,,,,,State of Pará,"Tv. Ângelo Augusto de Oliveira, 579","Tv. Ângelo Augusto de Oliveira, 579",,Lanche da Dona Ivete,Lanche da Dona Ivete,5.0,https://www.google.com/maps/search/?api=1&query=Lanche%20da%20Dona%20Ivete&query_place_id=ChIJl7p1w7oVfZIR2z_gdVTohYI,https://instagram.com/lanche.bem2022?igshid=MzRlODBiNWFlZA==,
"R. Pedro Carlos de Oliveira, 3101, Oriximiná - PA, Brazil","R. Pedro Carlos de Oliveira, 3101, Oriximiná - Pa, Brazil",Ice cream shop,,,,,,,,,Ice cream shop,,Oriximiná,BR,,,,,,,,+55 93 99168-6459,,ChIJf4PNkFoVfZIR2DcwMEwiI-0,,,,,10.0,,,,,,State of Pará,"R. Pedro Carlos de Oliveira, 3101","R. Pedro Carlos de Oliveira, 3101",,Sorveteria Puro Sabor,Sorveteria Puro Sabor,4.9,https://www.google.com/maps/search/?api=1&query=Sorveteria%20Puro%20Sabor&query_place_id=ChIJf4PNkFoVfZIR2DcwMEwiI-0,,
"Av. Quinze de Novembro, 3241, Oriximiná - PA, Brazil","Av. Quinze de Novembro, 3241, Oriximiná - Pa, Brazil",Gym,,,,,,,,,Gym,,Oriximiná,BR,,,,,,,,,,ChIJOQqtdAAVfZIRAmUatF9tBcI,,,,,5.0,,,,,,State of Pará,"Av. Quinze de Novembro, 3241","Av. Quinze de Novembro, 3241",,CT Trombetas,CT Trombetas,4.8,https://www.google.com/maps/search/?api=1&query=CT%20Trombetas&query_place_id=ChIJOQqtdAAVfZIRAmUatF9tBcI,https://www.instagram.com/cttrombetas?igsh=MWN0ZW1ubWFjaTFjYg==,
"Av. Sete de Setembro, 3505, Oriximiná - PA, Brazil","Av. Sete de Setembro, 3505, Oriximiná - Pa, Brazil",Bakery,,,,,,,,,Bakery,,Oriximiná,BR,,,,,,,,+55 93 98416-1866,,ChIJHcLA6ak_fZIRxzgp8MGzYy4,,,,,7.0,,,,,,State of Pará,"Av. Sete de Setembro, 3505","Av. Sete de Setembro, 3505",,Padaria e confeitaria Confei,Padaria e confeitaria Confei,4.9,https://www.google.com/maps/search/?api=1&query=Padaria%20e%20confeitaria%20Confei&query_place_id=ChIJHcLA6ak_fZIRxzgp8MGzYy4,,
"Tv. Armando Gato da Silva, 206, Oriximiná - PA, Brazil","Tv. Armando Gato da Silva, 206, Oriximiná - Pa, Brazil",Bakery,,,,,,,,,Bakery,,Oriximiná,BR,,,,,,,,+55 93 99116-3525,,ChIJDcMOnXA_fZIRMEJs0TSv5JA,,,,,7.0,,,,,,State of Pará,"Tv. Armando Gato da Silva, 206","Tv. Armando Gato da Silva, 206",,Panificadora PaneHaus,Panificadora PaneHaus,5.0,https://www.google.com/maps/search/?api=1&query=Panificadora%20PaneHaus&query_place_id=ChIJDcMOnXA_fZIRMEJs0TSv5JA,,
"Tv. Cel. José Gabriel Guerreiro, 1702, Oriximiná - PA, Brazil","Tv. Cel. José Gabriel Guerreiro, 1702, Oriximiná - Pa, Brazil",Internet cafe,,,,,,,,,Internet cafe,,Oriximiná,BR,,,,,,,,,,ChIJIV13SAAVfZIRoKZu0LRXxWo,,,,,4.0,,,,,,State of Pará,"Tv. Cel. José Gabriel Guerreiro, 1702","Tv. Cel. José Gabriel Guerreiro, 1702",,Iza decoração e personalizado.,Iza decoração e personalizado.,5.0,https://www.google.com/maps/search/?api=1&query=Iza%20decora%C3%A7%C3%A3o%20e%20personalizado.&query_place_id=ChIJIV13SAAVfZIRoKZu0LRXxWo,,
"Av. Dr. Lauro Sodré, 1172, Oriximiná - PA, Brazil","Av. Dr. Lauro Sodré, 1172, Oriximiná - Pa, Brazil",Ice cream shop,,,,,,,,,Ice cream shop,,Oriximiná,BR,,,,,,,,,,ChIJHU3hGQAVfZIRSLerqrhBzOE,,,,,1.0,,,,,,State of Pará,"Av. Dr. Lauro Sodré, 1172","Av. Dr. Lauro Sodré, 1172",,Point do sorvete,Point do sorvete,5.0,https://www.google.com/maps/search/?api=1&query=Point%20do%20sorvete&query_place_id=ChIJHU3hGQAVfZIRSLerqrhBzOE,,
"Tv. Antônio de Souza Bentes, Oriximiná - PA, Brazil","Tv. Antônio de Souza Bentes, Oriximiná - Pa, Brazil",Chocolate shop,,,,,,,,,Chocolate shop,,Oriximiná,BR,,,,,,,,+55 93 99114-4943,,ChIJUdw1PPYVfZIRAMHhQgMmJ60,,,,,14.0,,,,,,State of Pará,Tv. Antônio de Souza Bentes,Tv. Antônio de Souza Bentes,,Cacau Show - Chocolates,Cacau Show - Chocolates,4.3,https://www.google.com/maps/search/?api=1&query=Cacau%20Show%20-%20Chocolates&query_place_id=ChIJUdw1PPYVfZIRAMHhQgMmJ60,https://www.cacaushow.com.br/,
"Oriximiná, State of Pará, Brazil","Oriximiná, State Of Pará, Brazil",Ice cream shop,,,,,,,,,Ice cream shop,,Oriximiná,BR,,,,,,,,+55 92 99358-7288,,ChIJ32m-4RMVfZIRx8b7Ta6BD8M,,,,,4.0,,,,,,State of Pará,,,,Sorveteria EXPRESSO,Sorveteria EXPRESSO,2.5,https://www.google.com/maps/search/?api=1&query=Sorveteria%20EXPRESSO&query_place_id=ChIJ32m-4RMVfZIRx8b7Ta6BD8M,,
"Oriximiná, State of Pará, Brazil","Oriximiná, State Of Pará, Brazil",Ice cream shop,,,,,,,,,Ice cream shop,,Oriximiná,BR,,,,,,,,,,ChIJ46f2bQAVfZIRNYvRMhp88b8,,,,,3.0,,,,,,State of Pará,,,,Açaí Frozen,Açaí Frozen,3.0,https://www.google.com/maps/search/?api=1&query=A%C3%A7a%C3%AD%20Frozen&query_place_id=ChIJ46f2bQAVfZIRNYvRMhp88b8,,
"Av. Vinte e Quatro de Dezembro, 1431, Oriximiná - PA, Brazil","Av. Vinte e Quatro de Dezembro, 1431, Oriximiná - Pa, Brazil",Family restaurant,,,,,,,,,Family restaurant,,Oriximiná,BR,,,,,,,,+55 92 99214-1530,,ChIJA5bzTkUVfZIRdejfqW2_BpU,,,,,10.0,,,,,,State of Pará,"Av. Vinte e Quatro de Dezembro, 1431","Av. Vinte e Quatro de Dezembro, 1431",,Kactu's Restaurante,Kactu's Restaurante,5.0,https://www.google.com/maps/search/?api=1&query=Kactu's%20Restaurante&query_place_id=ChIJA5bzTkUVfZIRdejfqW2_BpU,,
"Tv. Antônio de Souza Bentes, 300, Oriximiná - PA, Brazil","Tv. Antônio de Souza Bentes, 300, Oriximiná - Pa, Brazil",Snack bar,,,,,,,,,Snack bar,,Oriximiná,BR,,,,,,,,,,ChIJNc3oZQAVfZIRYjP_4ApB18M,,,,,2.0,,,,,,State of Pará,"Tv. Antônio de Souza Bentes, 300","Tv. Antônio de Souza Bentes, 300",,Box da Loirinha,Box da Loirinha,5.0,https://www.google.com/maps/search/?api=1&query=Box%20da%20Loirinha&query_place_id=ChIJNc3oZQAVfZIRYjP_4ApB18M,,
"Oriximiná, State of Pará, Brazil","Oriximiná, State Of Pará, Brazil",Market,,,,,,,,,Market,,Oriximiná,BR,,,,,,,,,,ChIJM_Z3VR4VfZIRmBXj0lvoxi8,,,,,40.0,,,,,,State of Pará,,,,FEIRA MUNICIPAL,FEIRA MUNICIPAL,4.4,https://www.google.com/maps/search/?api=1&query=FEIRA%20MUNICIPAL&query_place_id=ChIJM_Z3VR4VfZIRmBXj0lvoxi8,,
"R. 24 de Dezembro, S/N, Oriximiná - PA, Brazil","R. 24 de Dezembro, S/N, Oriximiná - Pa, Brazil",Gas station,Brazilian restaurant,Car wash,Convenience store,Oil change service,,,,,Gas station,,Oriximiná,BR,,,,,,,,+55 93 3544-2002,,ChIJB71wwV0VfZIR31yrGDkNVdI,,,,,25.0,,,,,,State of Pará,"R. 24 de Dezembro, S/N","R. 24 de Dezembro, S/N",,Posto Petrobras,Posto Petrobras,4.2,https://www.google.com/maps/search/?api=1&query=Posto%20Petrobras&query_place_id=ChIJB71wwV0VfZIR31yrGDkNVdI,https://www.postospetrobras.com.br/?utm_source=gmb&utm_medium=search,
