address,categories/0,categories/1,categories/2,categories/3,categories/4,categories/5,categories/6,categoryName,cid,city,countryCode,fid,googleFoodUrl,locatedIn,location/lat,location/lng,menu,neighborhood,phone,phoneUnformatted,placeId,postalCode,price,rank,reserveTableUrl,reviewsCount,reviewsDistribution/fiveStar,reviewsDistribution/fourStar,reviewsDistribution/oneStar,reviewsDistribution/threeStar,reviewsDistribution/twoStar,state,street,subTitle,title,totalScore,url,website,addressFormatted,categories/7,categories/8,titleFormatted,streetFormatted,businessTime
"Estr. da Ceasa - Curió-Utinga, Belém - PA, 66610-840, Brazil",Tourist attraction,,,,,,,Tourist attraction,1.6041e+19,Belém,BR,0x92a48ced93485ab3:0xde9d3d6e85e54079,,,-1.4464368,-48.4279047,,Curió-Utinga,,,ChIJs1pIk-2MpJIReUDlhW49nd4,66610-840,,1,,169,90,26,13,28,12,State of Pará,Estr. da Ceasa,Ruínas do Murutucu,Murutucu ruins,4.0,https://www.google.com/maps/search/?api=1&query=Murutucu%20ruins&query_place_id=ChIJs1pIk-2MpJIReUDlhW49nd4,,"Estr. Da Ceasa - Curió-Utinga, Belém - Pa, 66610-840, Brazil",,Tourist attraction,Murutucu Ruins,Estr. Da Ceasa,Monday-Saturday: 7 AM to 12 PM; Sunday: Closed
"Av. Portugal, s/n - Campina, Belém - PA, 66013-080, Brazil",Historical place,Landmark,Monument,Park,Plaza,Tourist attraction,,Historical place,1.1658e+19,Belém,BR,0x92a48ef22652ca95:0xa1c9888cf8cfd285,,,-1.4540129,-48.5035926,,Campina,,,ChIJlcpSJvKOpJIRhdLP-IyIyaE,66013-080,,1,,3574,1730,640,299,634,271,State of Pará,"Av. Portugal, s/n",Praça do Relógio,Clock Square,3.9,https://www.google.com/maps/search/?api=1&query=Clock%20Square&query_place_id=ChIJlcpSJvKOpJIRhdLP-IyIyaE,https://www.monumentosdebelem.ufpa.br/index.php/monumento/relogio,"Av. Portugal, S/N - Campina, Belém - Pa, 66013-080, Brazil",Park,Historical place,Clock Square,"Av. Portugal, S/N",Monday-Sunday: Open 24 hours
"Blvd. Castilhos França - Campina, Belém - PA, 66013-030, Brazil",Wholesale market,Historical landmark,Historical market square,Market,Tourist attraction,,,Wholesale market,1.59373e+19,Belém,BR,0x92a48eedffb60aaf:0xdd2ca66005639d12,,,-1.4523651,-48.5037509,,Campina,,,ChIJrwq2_-2OpJIREp1jBWCmLN0,66013-030,,10,,35619,22782,6634,1207,3846,1150,State of Pará,Blvd. Castilhos França,,Mercado Ver-o-Peso,4.4,https://www.google.com/maps/search/?api=1&query=Mercado%20Ver-o-Peso&query_place_id=ChIJrwq2_-2OpJIREp1jBWCmLN0,,"Blvd. Castilhos França - Campina, Belém - Pa, 66013-030, Brazil",Market,Wholesale market,Mercado Ver-O-Peso,Blvd. Castilhos França,Monday-Saturday: 5 AM to 6:30 PM; Sunday: Closed
"Av. Nª Sra. de Nazaré, 138 - Nazaré, Belém - PA, 66040-170, Brazil",Museum,,,,,,,Museum,9.87391e+18,Belém,BR,0x92a48f804d2ea74d:0x89072de3a5738773,,,-1.4537684,-48.4913345,,Nazaré,+55 91 3252-8620,559133000000.0,ChIJTacuTYCPpJIRc4dzpeMtB4k,66040-170,,19,,146,124,14,2,4,2,State of Pará,"Av. Nª Sra. de Nazaré, 138",Palacete Faciola - Museu da Imagem e do Som,Faciola Mansion - Museum of Image and Sound,4.8,https://www.google.com/maps/search/?api=1&query=Faciola%20Mansion%20-%20Museum%20of%20Image%20and%20Sound&query_place_id=ChIJTacuTYCPpJIRc4dzpeMtB4k,https://secult.pa.gov.br/,"Av. Nª Sra. De Nazaré, 138 - Nazaré, Belém - Pa, 66040-170, Brazil",,Museum,Faciola Mansion - Museum Of Image And Sound,"Av. Nª Sra. De Nazaré, 138",Monday: Closed; Tuesday-Thursday: 9 AM to 2 PM; Friday-Sunday: 9 AM to 5 PM
"Praça Dom Pedro II, s/n - Cidade Velha, Belém - PA, 66020-240, Brazil",Art museum,History museum,Museum,Tourist attraction,,,,Art museum,1.04934e+19,Belém,BR,0x92a48ef3fc0386c1:0x91a00c549ec3789b,,,-1.4560179,-48.5031249,,Cidade Velha,+55 91 4009-8513,559140000000.0,ChIJwYYD_POOpJIRm3jDnlQMoJE,66020-240,,7,,486,372,78,9,24,3,State of Pará,"Praça Dom Pedro II, s/n",Museu do Estado do Pará,Pará State Museum,4.6,https://www.google.com/maps/search/?api=1&query=Par%C3%A1%20State%20Museum&query_place_id=ChIJwYYD_POOpJIRm3jDnlQMoJE,https://museus.pa.gov.br/,"Praça Dom Pedro Ii, S/N - Cidade Velha, Belém - Pa, 66020-240, Brazil",Tourist attraction,Art museum,Pará State Museum,"Praça Dom Pedro Ii, S/N",Monday: Closed; Tuesday-Sunday: 9 AM to 5 PM
"Av. Mal. Hermes, 1374 - Umarizal, Belém - PA, 66645-745, Brazil",Tourist attraction,,,,,,,Tourist attraction,3.96705e+18,Belém,BR,0x92a48eb0ced6b633:0x370dccfc998afb3c,,,-1.4364773,-48.4933825,,Umarizal,,,ChIJM7bWzrCOpJIRPPuKmfzMDTc,,,1,,13508,9097,2583,278,1249,301,State of Pará,"Av. Mal. Hermes, 1374",Complexo Turístico do Ver-o-Rio,Ver-o-Rio,4.5,https://www.google.com/maps/search/?api=1&query=Ver-o-Rio&query_place_id=ChIJM7bWzrCOpJIRPPuKmfzMDTc,,"Av. Mal. Hermes, 1374 - Umarizal, Belém - Pa, 66645-745, Brazil",,Tourist attraction,Ver-O-Rio,"Av. Mal. Hermes, 1374",Monday-Sunday: Open 24 hours
"Prédio antigo da Yamada - Av. Alm. Barroso - São Brás, Belém - PA, 66090-000, Brazil",Tourist attraction,Locksmith,,,,,,Tourist attraction,5.07617e+17,Belém,BR,0x92a48c3ab2369b9f:0x70b6b591422ecdd,,,-1.451204,-48.4679883,,São Brás,,,ChIJn5s2sjqMpJIR3ewiFFlrCwc,66090-000,,14,,2510,927,377,311,610,285,State of Pará,Prédio antigo da Yamada - Av. Alm. Barroso,Feira provisória de São Brás,São Brás Market,3.5,https://www.google.com/maps/search/?api=1&query=S%C3%A3o%20Br%C3%A1s%20Market&query_place_id=ChIJn5s2sjqMpJIR3ewiFFlrCwc,,"Prédio Antigo Da Yamada - Av. Alm. Barroso - São Brás, Belém - Pa, 66090-000, Brazil",,Tourist attraction,São Brás Market,Prédio Antigo Da Yamada - Av. Alm. Barroso,Monday-Friday: 8:30 AM to 5 PM; Saturday: 8 AM to 3 PM; Sunday: Closed
"Av. Portugal, S/N - Campina, Belém - PA, 66013-080, Brazil",Park,Historical place,Tourist attraction,,,,,Park,3.79018e+18,Belém,BR,0x92a48ef3ccc97c5b:0x349968e9cf8c4281,,,-1.4551552,-48.5032761,,Campina,,,ChIJW3zJzPOOpJIRgUKMz-lomTQ,66013-080,,2,,1059,512,221,68,187,71,State of Pará,"Av. Portugal, S/N",Praça Dom Pedro II,Square Pedro II.,4.0,https://www.google.com/maps/search/?api=1&query=Square%20Pedro%20II.&query_place_id=ChIJW3zJzPOOpJIRgUKMz-lomTQ,,"Av. Portugal, S/N - Campina, Belém - Pa, 66013-080, Brazil",,Park,Square Pedro Ii.,"Av. Portugal, S/N",Monday-Sunday: Open 24 hours
"Praça Amazonas, s/n - Jurunas, Belém - PA, 66025-070, Brazil",Cultural center,Chapel,Coworking space,Handicraft fair,Handicraft museum,Jewelry designer,Museum,Cultural center,1.66929e+19,Belém,BR,0x92a48e66d100b4b9:0xe7a8f8ab27449ac8,,,-1.4636245,-48.49572,,Jurunas,+55 91 3344-3500,559133000000.0,ChIJubQA0WaOpJIRyJpEJ6v4qOc,66025-070,,5,,4492,3433,792,42,192,33,State of Pará,"Praça Amazonas, s/n",Espaço São José Liberto,São José Liberto - Cultural Center and Gems Museum,4.7,https://www.google.com/maps/search/?api=1&query=S%C3%A3o%20Jos%C3%A9%20Liberto%20-%20Cultural%20Center%20and%20Gems%20Museum&query_place_id=ChIJubQA0WaOpJIRyJpEJ6v4qOc,,"Praça Amazonas, S/N - Jurunas, Belém - Pa, 66025-070, Brazil",Handicraft fair,Cultural center,São José Liberto - Cultural Center And Gems Museum,"Praça Amazonas, S/N",Monday: Closed; Tuesday-Saturday: 10 AM to 6 PM; Sunday: 10 AM to 2 PM
"Avenida da Paz, Praça da República, S/N - Campina, Belém - PA, 66017-060, Brazil",Performing arts theater,,,,,,,Performing arts theater,7.56926e+18,Belém,BR,0x92a48a89a7ddfae7:0x690b69d576ce40b6,,Praça da República,-1.452909,-48.4937144,,Campina,+55 91 3252-8602,559133000000.0,ChIJ5_rdp4mKpJIRtkDOdtVpC2k,66017-060,,25,,8431,7518,659,53,173,28,State of Pará,"Avenida da Paz, Praça da República, S/N",,Theatro da Paz,4.8,https://www.google.com/maps/search/?api=1&query=Theatro%20da%20Paz&query_place_id=ChIJ5_rdp4mKpJIRtkDOdtVpC2k,http://www.theatrodapaz.com.br/?utm_source=google&utm_medium=wix_google_business_profile&utm_campaign=13991727965944660427,"Avenida Da Paz, Praça Da República, S/N - Campina, Belém - Pa, 66017-060, Brazil",,Performing arts theater,Theatro Da Paz,"Avenida Da Paz, Praça Da República, S/N",N/A
"Av. Gov. José Malcher, 295 - Nazaré, Belém - PA, 66035-065, Brazil",Museum,,,,,,,Museum,1.32695e+19,Belém,BR,0x92a48e902e870b6f:0xb826be1ba434d8c3,,,-1.452021,-48.4908798,,Nazaré,+55 91 98417-5894,5591980000000.0,ChIJbwuHLpCOpJIRw9g0pBu-Jrg,66035-065,,4,,480,389,60,5,20,6,State of Pará,"Av. Gov. José Malcher, 295",,Palacete Bolonha,4.7,https://www.google.com/maps/search/?api=1&query=Palacete%20Bolonha&query_place_id=ChIJbwuHLpCOpJIRw9g0pBu-Jrg,http://www.belem.pa.gov.br/app/c2ms/v/?id=15&conteudo=4551,"Av. Gov. José Malcher, 295 - Nazaré, Belém - Pa, 66035-065, Brazil",,Museum,Palacete Bolonha,"Av. Gov. José Malcher, 295",Monday: Closed; Tuesday-Friday: 9:30 AM to 2:30 PM; Saturday-Sunday: Closed
"R. Carneiro da Rocha, s/n - Cidade Velha, Belém - PA, 66020-160, Brazil",Ecological park,Tourist attraction,,,,,,Ecological park,1.0333e+19,Belém,BR,0x92a48e58ffffffff:0x8f6648f843093a49,,,-1.4637631,-48.5052808,,Cidade Velha,+55 91 3344-0100,559133000000.0,ChIJ_____1iOpJIRSToJQ_hIZo8,66020-160,,7,,22629,18733,2920,157,684,135,State of Pará,"R. Carneiro da Rocha, s/n",Parque Zoobotânico Mangal das Garças,Mangal das Garças,4.8,https://www.google.com/maps/search/?api=1&query=Mangal%20das%20Gar%C3%A7as&query_place_id=ChIJ_____1iOpJIRSToJQ_hIZo8,http://www.mangaldasgarcas.com.br/,"R. Carneiro Da Rocha, S/N - Cidade Velha, Belém - Pa, 66020-160, Brazil",,Ecological park,Mangal Das Garças,"R. Carneiro Da Rocha, S/N",Monday: Closed; Tuesday-Sunday: 8 AM to 6 PM
"Guajará-Miri, Acará - State of Pará, 68690-000, Brazil",Tourist attraction,,,,,,,Tourist attraction,1.67454e+18,Acará,BR,0x92a4935e1b976cfb:0x173d2a0a097543b8,,,-1.5121151,-48.419035,,Guajará-Miri,,,ChIJ-2yXG16TpJIRuEN1CQoqPRc,68690-000,,1,,7,6,1,0,0,0,State of Pará,,,Sítio Seu Ladi,4.9,https://www.google.com/maps/search/?api=1&query=S%C3%ADtio%20Seu%20Ladi&query_place_id=ChIJ-2yXG16TpJIRuEN1CQoqPRc,,"Guajará-Miri, Acará - State Of Pará, 68690-000, Brazil",,Tourist attraction,Sítio Seu Ladi,,N/A
"Praça Dom Frei Caetano Brandão, s/n - Cidade Velha, Belém - PA, 66020-600, Brazil",Museum,Fortress,Historical landmark,Tourist attraction,,,,Museum,1.8382e+19,Belém,BR,0x92a48ef1a132f8d5:0xff1a071f7388a0ed,,,-1.4543647,-48.5052375,,Cidade Velha,,,ChIJ1fgyofGOpJIR7aCIcx8HGv8,66020-600,,9,,3152,2494,515,17,105,21,State of Pará,"Praça Dom Frei Caetano Brandão, s/n",Forte do Presépio,Presépio Fort,4.7,https://www.google.com/maps/search/?api=1&query=Pres%C3%A9pio%20Fort&query_place_id=ChIJ1fgyofGOpJIR7aCIcx8HGv8,http://www.secult.pa.gov.br/,"Praça Dom Frei Caetano Brandão, S/N - Cidade Velha, Belém - Pa, 66020-600, Brazil",Tourist attraction,Museum,Presépio Fort,"Praça Dom Frei Caetano Brandão, S/N",Monday: Closed; Tuesday-Thursday: 9 AM to 2 PM; Friday-Sunday: 9 AM to 5 PM
