"title","totalScore","reviewsCount","street","city","state","countryCode","website","phone","categories/0","categories/1","categories/2","categories/3","categories/4","categories/5","url","categoryName"
"Calçadão da Jucy","4.7","10","Tv. Carlos Maria Teixeira, 3031","Oriximiná","State of Pará","BR",,"+55 93 99174-5018","Bar",,,,,,"https://www.google.com/maps/search/?api=1&query=Cal%C3%A7ad%C3%A3o%20da%20Jucy&query_place_id=ChIJw2u_9O0VfZIReuDgNd6h5V8","Bar"
"Adega do Iran","5","3","Tv. Antônio Bentes de Oliveira Guimarães, 825","Oriximiná","State of Pará","BR",,"+55 93 99177-3665","Bar",,,,,,"https://www.google.com/maps/search/?api=1&query=Adega%20do%20Iran&query_place_id=ChIJ94oxbgAVfZIR_qmZUQajwPA","Bar"
"Palhoça","4.5","51","Tv. Cel. José Gabriel Guerreiro","Oriximiná","State of Pará","BR",,"+55 93 98804-5487","Bar",,,,,,"https://www.google.com/maps/search/?api=1&query=Palho%C3%A7a&query_place_id=ChIJrx4m4ToVfZIRM8anh0rEQ20","Bar"
"Arena Patty Chouli Society","4.4","38","Tv. 28 De Abril, 300","Oriximiná","State of Pará","BR",,"+55 93 99108-4401","Bar",,,,,,"https://www.google.com/maps/search/?api=1&query=Arena%20Patty%20Chouli%20Society&query_place_id=ChIJ4_eE8wsVfZIRS__rixcI97s","Bar"
"Mungubeira Bar","4.5","41","Av. Vinte e Quatro de Dezembro, 1431","Oriximiná","State of Pará","BR",,"","Bar",,,,,,"https://www.google.com/maps/search/?api=1&query=Mungubeira%20Bar&query_place_id=ChIJuY1TS88VfZIRG8kRySKhwvY","Bar"
"PAVULAGE PUB","5","1","R. 24 de Dezembro, QUIOSQUE 01","Oriximiná","State of Pará","BR",,"+55 93 99134-5018","Pub",,,,,,"https://www.google.com/maps/search/?api=1&query=PAVULAGE%20PUB&query_place_id=ChIJTYRN9WgVfZIR16oZgpARSyk","Pub"
"Arena Art'gol esporte bar orixi","5","1","Rua décima nona, 767","Oriximiná","State of Pará","BR",,"+55 93 99112-3869","Sports bar",,,,,,"https://www.google.com/maps/search/?api=1&query=Arena%20Art'gol%20esporte%20bar%20orixi&query_place_id=ChIJ0b5lonMVfZIRmRctX_rhs5Y","Sports bar"
"Bar da Nívia","5","4","Tv. Clementino Figueiredo, 207","Oriximiná","State of Pará","BR",,"","Bar",,,,,,"https://www.google.com/maps/search/?api=1&query=Bar%20da%20N%C3%ADvia&query_place_id=ChIJBewvr1UVfZIRVQaKUWtTy1E","Bar"
"Manu Vegas Bar&Lanche","5","1","Tv. Ângelo Augusto de Oliveira, 774","Oriximiná","State of Pará","BR",,"+55 93 99211-1314","Bar",,,,,,"https://www.google.com/maps/search/?api=1&query=Manu%20Vegas%20Bar%26Lanche&query_place_id=ChIJXfnvAA8VfZIRGlu6S5T56yw","Bar"
"Mercadinho E Distribuidora JL","4.4","12","n'2307, Av. Dr. Lauro Sodré","Oriximiná","State of Pará","BR",,"+55 93 99163-6232","Bar",,,,,,"https://www.google.com/maps/search/?api=1&query=Mercadinho%20E%20Distribuidora%20JL&query_place_id=ChIJWQvEMEQVfZIRfqZnDSmHjPc","Bar"
"ARENA SUMMER BEACH","4.8","8","Tv. Carlos Maria Teixeira","Oriximiná","State of Pará","BR",,"+55 93 99150-8192","Bar",,,,,,"https://www.google.com/maps/search/?api=1&query=ARENA%20SUMMER%20BEACH&query_place_id=ChIJp2chcgAVfZIRN97aFLauFhc","Bar"
"DistribuidoraAlves","5","3",,"Oriximiná","State of Pará","BR",,"","Bar",,,,,,"https://www.google.com/maps/search/?api=1&query=DistribuidoraAlves&query_place_id=ChIJaZAZLQAVfZIRtyJrVpjqH9Y","Bar"
"BAR ROYALLE (bar da loira)","4","41","Tv. Carlos Maria Teixeira","Oriximiná","State of Pará","BR",,"+55 93 99190-3280","Bar",,,,,,"https://www.google.com/maps/search/?api=1&query=BAR%20ROYALLE%20(bar%20da%20loira)&query_place_id=ChIJP35Rf6sVfZIRDhYVcgrAb1s","Bar"
"Bar Zero Grau","3.3","19","Av. Sete de Setembro, 2215","Oriximiná","State of Pará","BR",,"+55 93 99117-5081","Bar",,,,,,"https://www.google.com/maps/search/?api=1&query=Bar%20Zero%20Grau&query_place_id=ChIJ96fu3FwVfZIRHUbAskKMwg4","Bar"
"Esmalteria Elza Amaral","4.2","5","TV. Guadalupe, 655","Oriximiná","State of Pará","BR",,"+55 92 99496-3226","Lounge bar",,,,,,"https://www.google.com/maps/search/?api=1&query=Esmalteria%20Elza%20Amaral&query_place_id=ChIJ4WQ6j-8VfZIR6MZ5P65Wllk","Lounge bar"
"Restaurante e Bar do Bacural","4.3","52","Tv. Cel. José Gabriel Guerreiro, 479-593","Oriximiná","State of Pará","BR",,"+55 93 99115-3833","Bar","Barbecue restaurant",,,,,"https://www.google.com/maps/search/?api=1&query=Restaurante%20e%20Bar%20do%20Bacural&query_place_id=ChIJv5qLMDEVfZIRy6CHgWkAZhc","Bar"
"Bar Do Velho","4.4","21","Tv. Santa Luzia, 1348","Oriximiná","State of Pará","BR",,"","Bar",,,,,,"https://www.google.com/maps/search/?api=1&query=Bar%20Do%20Velho&query_place_id=ChIJbwSGyz4VfZIR-Uc34IvTFlY","Bar"
"Bar Toca Do Bilhar","3.9","14",,"Oriximiná","State of Pará","BR",,"","Bar",,,,,,"https://www.google.com/maps/search/?api=1&query=Bar%20Toca%20Do%20Bilhar&query_place_id=ChIJ-RNzmvsVfZIR1eTDs3KK7M0","Bar"
"CHURRASCARIA EXCELÊNCIA","4.9","23","com a - Tv. Emídio Martins, Av. Castelo Branco, 1364","Oriximiná","State of Pará","BR",,"+55 93 99191-0534","Restaurant",,,,,,"https://www.google.com/maps/search/?api=1&query=CHURRASCARIA%20EXCEL%C3%8ANCIA&query_place_id=ChIJMWc1it0VfZIRYdHDSmuiXAE","Restaurant"
"Bom sabor chuarascaria lanchonete","4.7","35","Tv. Carlos Maria Teixeira","Oriximiná","State of Pará","BR",,"+55 93 99208-5771","Restaurant",,,,,,"https://www.google.com/maps/search/?api=1&query=Bom%20sabor%20chuarascaria%20lanchonete&query_place_id=ChIJKairSnEVfZIRatAJMH9ok90","Restaurant"
"Churrasco do Tiça","4.5","86","Av. Sete de Setembro, 1936","Oriximiná","State of Pará","BR",,"+55 93 99123-1494","Barbecue restaurant","Restaurant",,,,,"https://www.google.com/maps/search/?api=1&query=Churrasco%20do%20Ti%C3%A7a&query_place_id=ChIJx6ZkfUIVfZIRJFu288c6i1Q","Barbecue restaurant"
"Profeta’s Restaurante e Soparia","5","10","Terminal Hidroviário de - Av. Vinte e Quatro de Dezembro, 2638","Oriximiná","State of Pará","BR",,"+55 93 99178-4018","Restaurant",,,,,,"https://www.google.com/maps/search/?api=1&query=Profeta%E2%80%99s%20Restaurante%20e%20Soparia&query_place_id=ChIJn1O_ewAVfZIRFurF9Ommpk8","Restaurant"
"Calçadão do churrasco Aristeu","4.6","35","R. Dom Floriano Loewenau","Oriximiná","State of Pará","BR",,"+55 93 99139-1156","Barbecue restaurant",,,,,,"https://www.google.com/maps/search/?api=1&query=Cal%C3%A7ad%C3%A3o%20do%20churrasco%20Aristeu&query_place_id=ChIJ5-Ow5TkVfZIR_PwlFKaSf2Q","Barbecue restaurant"
"Matriz Pizzaria & Doces e Petiscos","4.6","40","Travessa Coronel José Gabriel Guerreiro, 991686303","Oriximiná","State of Pará","BR",,"+55 93 99168-6303","Pizza restaurant",,,,,,"https://www.google.com/maps/search/?api=1&query=Matriz%20Pizzaria%20%26%20Doces%20e%20Petiscos&query_place_id=ChIJI7xMNl0VfZIRFi3d5sUYh6M","Pizza restaurant"
"Restaurante Dona Cileuza","4","32","1242, R. Altíno Bentes Guimarães, 1060","Oriximiná","State of Pará","BR",,"+55 93 99210-3767","Barbecue restaurant",,,,,,"https://www.google.com/maps/search/?api=1&query=Restaurante%20Dona%20Cileuza&query_place_id=ChIJ_1owQiQVfZIRwqJAiH7wwZg","Barbecue restaurant"
"PRINCESA DO TROMBETAS GASTROBAR","4.2","36",,"Oriximiná","State of Pará","BR","https://www.instagram.com/trombetasgastrobar/","","Restaurant",,,,,,"https://www.google.com/maps/search/?api=1&query=PRINCESA%20DO%20TROMBETAS%20GASTROBAR&query_place_id=ChIJOaQShsMVfZIRJbOje-b9Hkk","Restaurant"
"Restaurante Mariano","4.2","118","Av. Dr. Lauro Sodré, 2034","Oriximiná","State of Pará","BR",,"+55 93 99161-1016","Buffet restaurant",,,,,,"https://www.google.com/maps/search/?api=1&query=Restaurante%20Mariano&query_place_id=ChIJl8HvsEAVfZIRv4rRE0Lx_rk","Buffet restaurant"
"Kuka Legal","4.2","371","Tv. Cel. José Gabriel Guerreiro, 200","Oriximiná","State of Pará","BR",,"+55 93 99217-8352","Snack bar","Fast food restaurant",,,,,"https://www.google.com/maps/search/?api=1&query=Kuka%20Legal&query_place_id=ChIJAwAWNF0VfZIRjcfMIqCv4OM","Snack bar"
"Pizzaria La Casita","4.3","343","303, Av. Sete de Setembro, 121","Oriximiná","State of Pará","BR",,"+55 93 99194-9169","Pizza restaurant",,,,,,"https://www.google.com/maps/search/?api=1&query=Pizzaria%20La%20Casita&query_place_id=ChIJj7fAiUIVfZIRFGfX9xdapNE","Pizza restaurant"
"Lanchonete e Pizzaria Esquina Do Sabor","4.2","181","R. Primeiro de Maio, 321-435","Oriximiná","State of Pará","BR",,"+55 93 99225-0138","Pizza restaurant","Snack bar",,,,,"https://www.google.com/maps/search/?api=1&query=Lanchonete%20e%20Pizzaria%20Esquina%20Do%20Sabor&query_place_id=ChIJp2T8FCUVfZIRvGPAMAo-SX8","Pizza restaurant"
"Restaurante Profeta","4.4","90","Av. Sete de Setembro, 1123-1295","Oriximiná","State of Pará","BR",,"","Barbecue restaurant",,,,,,"https://www.google.com/maps/search/?api=1&query=Restaurante%20Profeta&query_place_id=ChIJW4b9alkVfZIRwJBn8mhLGWU","Barbecue restaurant"
"Churrascaria Do Seu Léo","4","15","Av. Dr. Lauro Sodré","Oriximiná","State of Pará","BR",,"+55 93 99199-7810","Restaurant","Barbecue restaurant",,,,,"https://www.google.com/maps/search/?api=1&query=Churrascaria%20Do%20Seu%20L%C3%A9o&query_place_id=ChIJzXh36CQVfZIRK6WotR_xJIs","Restaurant"
"Restaurante Dom Prato","5","3","Tv. Emídio Ferreira Martins, 60","Oriximiná","State of Pará","BR","https://www.instagram.com/dom_prato_restaurante/profilecard/?igsh=andhcHFtcTc2bmRo","+55 93 99218-1612","Restaurant",,,,,,"https://www.google.com/maps/search/?api=1&query=Restaurante%20Dom%20Prato&query_place_id=ChIJWWzX9IsVfZIRYUfqDuRwN_w","Restaurant"
"Bar da Beth","4","3","Av. Sete de Setembro, 2243","Oriximiná","State of Pará","BR",,"","Bar",,,,,,"https://www.google.com/maps/search/?api=1&query=Bar%20da%20Beth&query_place_id=ChIJ00ZKBIEVfZIRM3TL5zZFKhQ","Bar"
"Bar do junior","3.3","3","744G+PX","Oriximiná","State of Pará","BR",,"","Bar",,,,,,"https://www.google.com/maps/search/?api=1&query=Bar%20do%20junior&query_place_id=ChIJ0wAVSAAVfZIRlpPmHD1UnzM","Bar"
"Lanche Gasparzinho","4.4","120","Av. Dr. Lauro Sodré, 2114","Oriximiná","State of Pará","BR",,"+55 93 99207-3706","Snack bar",,,,,,"https://www.google.com/maps/search/?api=1&query=Lanche%20Gasparzinho&query_place_id=ChIJl9HRVN8VfZIRQzit2PnOkFQ","Snack bar"
"Jane Salgaderia","5","1","Passagem D, N° 260","Oriximiná","State of Pará","BR",,"+55 93 99110-4773","Snack bar",,,,,,"https://www.google.com/maps/search/?api=1&query=Jane%20Salgaderia&query_place_id=ChIJ2-xBrsMVfZIRHZLLA-p2p5Q","Snack bar"
"Garagem Beer","5","1","R. Pedro Carlos de Oliveira","Oriximiná","State of Pará","BR",,"+55 93 99208-3847","Children's home",,,,,,"https://www.google.com/maps/search/?api=1&query=Garagem%20Beer&query_place_id=ChIJzxZKPAAVfZIRt0teCGa0DfU","Children's home"
"Bar e Pizzaria Royalle","2.8","20","Tv. Ângelo Augusto de Oliveira, 593","Oriximiná","State of Pará","BR",,"+55 93 99230-9668","Bar",,,,,,"https://www.google.com/maps/search/?api=1&query=Bar%20e%20Pizzaria%20Royalle&query_place_id=ChIJl6SI6gkVfZIRKynGXONQq-w","Bar"
"Coxinha Express","5","4","Rua Acioli Ramos","Oriximiná","State of Pará","BR",,"","Snack bar",,,,,,"https://www.google.com/maps/search/?api=1&query=Coxinha%20Express&query_place_id=ChIJVVtBTAAVfZIRBYWizMbX0y0","Snack bar"
"Los Burguitos","4.5","2","Rua, R. Pedro Carlos de Oliveira, s/n","Oriximiná","State of Pará","BR",,"+55 93 99216-1509","Snack bar",,,,,,"https://www.google.com/maps/search/?api=1&query=Los%20Burguitos&query_place_id=ChIJbdq-FK0VfZIRGpCPF8XKdQc","Snack bar"
"Churrascaria VEM KÁ","3.9","45","Travessa Carlos Calderaro, 1995","Oriximiná","State of Pará","BR",,"+55 93 99131-8733","Barbecue restaurant",,,,,,"https://www.google.com/maps/search/?api=1&query=Churrascaria%20VEM%20K%C3%81&query_place_id=ChIJac19CX8VfZIRi04CxjPpHMA","Barbecue restaurant"
"La Barca Show","5","1","Passagem B Final da rua 2 das casas populares, próximo ao Coliseo Santissimo","Oriximiná","State of Pará","BR","https://www.facebook.com/LabarcaShow/?modal=admin_todo_tour","+55 93 99176-2583","Nightclub",,,,,,"https://www.google.com/maps/search/?api=1&query=La%20Barca%20Show&query_place_id=ChIJuXu7XNkVfZIRzZrE-3IaUPs","Nightclub"
"Espaço Gourmet","4.3","4","Tv. Cel. José Gabriel Guerreiro","Oriximiná","State of Pará","BR",,"+55 93 99215-6883","Snack bar",,,,,,"https://www.google.com/maps/search/?api=1&query=Espa%C3%A7o%20Gourmet&query_place_id=ChIJVylIrXIVfZIRSKwnQu-8F60","Snack bar"
"Churrascaria do Jhonny","3","1","Tv. Santa Luzia","Oriximiná","State of Pará","BR",,"+55 93 99101-4658","Barbecue restaurant",,,,,,"https://www.google.com/maps/search/?api=1&query=Churrascaria%20do%20Jhonny&query_place_id=ChIJVf5qxbQVfZIR17Qj-JBTGQo","Barbecue restaurant"
"Arena Gol & Gole","4.8","26","R. Décima Nona","Oriximiná","State of Pará","BR",,"","Sports club",,,,,,"https://www.google.com/maps/search/?api=1&query=Arena%20Gol%20%26%20Gole&query_place_id=ChIJA4OSaQQVfZIRzC_vGijU4fw","Sports club"
"Evelyn Lanches","5","3","Tv. Magalhães Barata, 825","Oriximiná","State of Pará","BR",,"+55 93 99189-4751","Snack bar",,,,,,"https://www.google.com/maps/search/?api=1&query=Evelyn%20Lanches&query_place_id=ChIJn3O7k-UVfZIRuLGvkRdIrwo","Snack bar"
"EDY LANCHE & CHURRASCARIA","4.5","6","Travessa Carlos Calderaro, 1559","Oriximiná","State of Pará","BR",,"+55 93 99163-6359","Restaurant",,,,,,"https://www.google.com/maps/search/?api=1&query=EDY%20LANCHE%20%26%20CHURRASCARIA&query_place_id=ChIJUc9TH7AVfZIR9GqclDUJgl8","Restaurant"
"Lanche Kairós","4.3","9","Sra. do - Tv. Emídio Ferreira Martins, 1431","Oriximiná","State of Pará","BR",,"+55 93 99187-8866","Snack bar",,,,,,"https://www.google.com/maps/search/?api=1&query=Lanche%20Kair%C3%B3s&query_place_id=ChIJJZAwAy8VfZIRVlmtML5XNPI","Snack bar"
"Telma's Churrascaria","4.7","11","Tv. Antônio Bentes de Oliveira Guimarães","Oriximiná","State of Pará","BR",,"+55 93 99109-9853","Restaurant",,,,,,"https://www.google.com/maps/search/?api=1&query=Telma's%20Churrascaria&query_place_id=ChIJ9aiXfzAVfZIRhmli0QgFxj0","Restaurant"
"Delícias Da Alice","5","3","Rua josé - R. Antônio Picanço Diniz, 1688","Oriximiná","State of Pará","BR","https://www.instagram.com/deliciasdaaliceorix?igsh=OWF2OGJ0ZHo0YXF3","+55 93 99182-3296","Restaurant",,,,,,"https://www.google.com/maps/search/?api=1&query=Del%C3%ADcias%20Da%20Alice&query_place_id=ChIJz000yC4VfZIRsGYWreQ83_0","Restaurant"
"Tarantella Doces & Salgados","4.7","29","Tv. Carlos Maria Teixeira, 2277","Oriximiná","State of Pará","BR",,"+55 93 99150-1045","Snack bar","Coffee shop",,,,,"https://www.google.com/maps/search/?api=1&query=Tarantella%20Doces%20%26%20Salgados&query_place_id=ChIJB50eJZYVfZIRu7pSxayW6pI","Snack bar"
"Arapaima - Gastrobar","5","4","7532+RF","Oriximiná","State of Pará","BR",,"","Restaurant",,,,,,"https://www.google.com/maps/search/?api=1&query=Arapaima%20-%20Gastrobar&query_place_id=ChIJBQsLJQAVfZIRTpjiM2ebKaM","Restaurant"
"Hambugueria e lanchonete No Capricho","5","1","Tv. Santa Luzia, 1148","Oriximiná","State of Pará","BR",,"+55 93 99224-3970","Hamburger restaurant",,,,,,"https://www.google.com/maps/search/?api=1&query=Hambugueria%20e%20lanchonete%20No%20Capricho&query_place_id=ChIJ1-gy8kQVfZIRlRSX5TJywwQ","Hamburger restaurant"
"Lanche e Restaurante Águia","5","1","Av. Vinte e Quatro de Dezembro, 1930","Oriximiná","State of Pará","BR",,"+55 93 99229-2252","Family restaurant",,,,,,"https://www.google.com/maps/search/?api=1&query=Lanche%20e%20Restaurante%20%C3%81guia&query_place_id=ChIJO3qISQA_fZIR-G036l_gZzI","Family restaurant"
"Açaí do Junior 100%Açaí","4.9","22",,"Oriximiná","State of Pará","BR",,"+55 93 99118-8304","Restaurant",,,,,,"https://www.google.com/maps/search/?api=1&query=A%C3%A7a%C3%AD%20do%20Junior%20100%25A%C3%A7a%C3%AD&query_place_id=ChIJQytA7-wVfZIRX0sZUlJnZLU","Restaurant"
"Sousa Churrascaria","4.5","2","Tv. Cazuza Guerreiro, 570","Oriximiná","State of Pará","BR",,"+55 93 99121-3187","Barbecue restaurant",,,,,,"https://www.google.com/maps/search/?api=1&query=Sousa%20Churrascaria&query_place_id=ChIJ4V-Tx0QVfZIRr2jVM_y_nC4","Barbecue restaurant"
"Pastel da Neuzila","5","1","R. Pedro Carlos de Oliveira, 754 - box 36","Oriximiná","State of Pará","BR",,"+55 93 99171-8715","Brazilian pastelaria",,,,,,"https://www.google.com/maps/search/?api=1&query=Pastel%20da%20Neuzila&query_place_id=ChIJI38_u74VfZIRfX5HGaY7PDU","Brazilian pastelaria"
"Pizzaria Night Day","4.4","113","Av. Dr. Lauro Sodré, 2321","Oriximiná","State of Pará","BR","https://www.facebook.com/PizzariaNightDay/","+55 93 99175-6029","Pizza restaurant",,,,,,"https://www.google.com/maps/search/?api=1&query=Pizzaria%20Night%20Day&query_place_id=ChIJ_Q2fM0QVfZIRni5evNKRZfE","Pizza restaurant"
"Lanchonete Brincando de Comer","5","1","Tv. Santa Luzia","Oriximiná","State of Pará","BR",,"+55 93 99222-2975","Snack bar",,,,,,"https://www.google.com/maps/search/?api=1&query=Lanchonete%20Brincando%20de%20Comer&query_place_id=ChIJw3tKwk0VfZIR4OldCW-ZchA","Snack bar"
"Hot Dog do mau mal","3","2","Tv Ângelo Augusto Praça Centenário","Oriximiná","State of Pará","BR",,"+55 93 99152-4907","Snack bar",,,,,,"https://www.google.com/maps/search/?api=1&query=Hot%20Dog%20do%20mau%20mal&query_place_id=ChIJb8hUinIVfZIRBNCR8W77ixw","Snack bar"
"Jack Lanches","4.4","63","Tv. Santa Luzia","Oriximiná","State of Pará","BR",,"+55 93 99902-1807","Snack bar",,,,,,"https://www.google.com/maps/search/?api=1&query=Jack%20Lanches&query_place_id=ChIJ3Q395ToVfZIRzALt08tFePk","Snack bar"
"Drogarias Ultra Popular | Oriximiná","4.3","27","Tv. Carlos Maria Teixeira, 2140","Oriximiná","State of Pará","BR","https://www.drogariasultrapopular.com.br/","+55 93 99231-1968","Pharmacy","Chemist",,,,,"https://www.google.com/maps/search/?api=1&query=Drogarias%20Ultra%20Popular%20%7C%20Oriximin%C3%A1&query_place_id=ChIJ52BXqMQVfZIRKuvd7RnimOA","Pharmacy"
"Drogarias Ultra Popular | Oriximiná","4.3","22","Tv. Carlos Maria Teixeira, 28","Oriximiná","State of Pará","BR","https://www.drogariasultrapopular.com.br/","+55 93 99174-4419","Pharmacy","Chemist",,,,,"https://www.google.com/maps/search/?api=1&query=Drogarias%20Ultra%20Popular%20%7C%20Oriximin%C3%A1&query_place_id=ChIJIYkQh4AVfZIRf3bZnqRygLM","Pharmacy"
"Empório Beer","5","2","R. Antônio Picanço Diniz","Oriximiná","State of Pará","BR",,"","Bar",,,,,,"https://www.google.com/maps/search/?api=1&query=Emp%C3%B3rio%20Beer&query_place_id=ChIJQTcELV0VfZIRZvuFT_PGjDU","Bar"
"VM Bar","4","1","Tv. Carlos Maria Teixeira","Oriximiná","State of Pará","BR",,"","Dart bar",,,,,,"https://www.google.com/maps/search/?api=1&query=VM%20Bar&query_place_id=ChIJrcMmn6gVfZIRL0k52emT1kU","Dart bar"
"Sabor da Brasa","4.8","10","Av. Sete de Setembro, 2215","Oriximiná","State of Pará","BR",,"+55 93 99231-7818","Grill",,,,,,"https://www.google.com/maps/search/?api=1&query=Sabor%20da%20Brasa&query_place_id=ChIJWUnpnu8VfZIRXsNjJOfS3Ek","Grill"
"La Belly Pastelaria","4.4","12","Praça do centenário","Oriximiná","State of Pará","BR","http://facebook.com/labellypastelaria","+55 93 99146-9983","Brazilian pastelaria",,,,,,"https://www.google.com/maps/search/?api=1&query=La%20Belly%20Pastelaria&query_place_id=ChIJJ_ZE-KUVfZIRENeyic0_Kwo","Brazilian pastelaria"
"Mr. Burger Oriximiná","4.7","92","R. Décima Oitava, 2158","Oriximiná","State of Pará","BR","https://pedido.anota.ai/loja/mrburguer-5?f=msa","+55 93 99173-3952","Hamburger restaurant",,,,,,"https://www.google.com/maps/search/?api=1&query=Mr.%20Burger%20Oriximin%C3%A1&query_place_id=ChIJiRmx7BAVfZIRGAQDuGCRJsY","Hamburger restaurant"
"Tropical Burgers","4.6","239","Tv. Ângelo Augusto de Oliveira, SN","Oriximiná","State of Pará","BR","https://tropicalburgers.menudino.com/","+55 93 99140-8900","Hamburger restaurant","Fast food restaurant",,,,,"https://www.google.com/maps/search/?api=1&query=Tropical%20Burgers&query_place_id=ChIJs1axxj0VfZIRKHUcZ6I3wVk","Hamburger restaurant"
"Tia Dulce","5","3","R. Décima Oitava","Oriximiná","State of Pará","BR",,"+55 92 99438-3952","Barbecue restaurant",,,,,,"https://www.google.com/maps/search/?api=1&query=Tia%20Dulce&query_place_id=ChIJ50Se8dMVfZIRvIUbU5objEw","Barbecue restaurant"
"Tacacá da Tia Dulce","5","3","Tv. Antônio Bentes de Oliveira Guimarães, 2339","Oriximiná","State of Pará","BR","https://instagram.com/tiadulce__?igshid=NjIwNzIyMDk2Mg==","+55 93 99104-0452","Tacaca restaurant",,,,,,"https://www.google.com/maps/search/?api=1&query=Tacac%C3%A1%20da%20Tia%20Dulce&query_place_id=ChIJM5Wo8wcVfZIR7VzS3bZ6284","Tacaca restaurant"
"Comida Caseira da Dona Jane","5","2","Tv. Cazuza Guerreiro","Oriximiná","State of Pará","BR",,"+55 93 99175-9806","Restaurant",,,,,,"https://www.google.com/maps/search/?api=1&query=Comida%20Caseira%20da%20Dona%20Jane&query_place_id=ChIJj1tSLQAVfZIR0-tz1_xK834","Restaurant"
"Peixaria E Churrascaria Dona Odilia","4.6","18",,"Oriximiná","State of Pará","BR",,"+55 93 99224-2372","Barbecue restaurant",,,,,,"https://www.google.com/maps/search/?api=1&query=Peixaria%20E%20Churrascaria%20Dona%20Odilia&query_place_id=ChIJF1HGnGoVfZIRMELAUVikfgk","Barbecue restaurant"
"Churrasco do Diego","5","2","R. Primeiro de Maio, 2900","Oriximiná","State of Pará","BR",,"+55 93 99142-9875","Restaurant",,,,,,"https://www.google.com/maps/search/?api=1&query=Churrasco%20do%20Diego&query_place_id=ChIJkWyIjUUVfZIRAMD0K8j_hX8","Restaurant"
"Lanche saborear","5","1","Tv. Jonatas Pontes Hathias, 855-777","Oriximiná","State of Pará","BR",,"","Restaurant",,,,,,"https://www.google.com/maps/search/?api=1&query=Lanche%20saborear&query_place_id=ChIJWYfmTwAVfZIRcUJfpfqTSeg","Restaurant"
"TammyCake's bolos, Doces e Salgados","5","1","Tv. Luiz Inácio Lula da Silva - Penta","Oriximiná","State of Pará","BR",,"+55 92 99525-5772","Sweets and dessert buffet",,,,,,"https://www.google.com/maps/search/?api=1&query=TammyCake's%20bolos%2C%20Doces%20e%20Salgados&query_place_id=ChIJa9h2dzIVfZIR64skCg2YjJA","Sweets and dessert buffet"
"Bar Do Lambança","3.5","2","R. Trinta e Um de Março","Oriximiná","State of Pará","BR",,"+55 93 99128-4857","Bar",,,,,,"https://www.google.com/maps/search/?api=1&query=Bar%20Do%20Lamban%C3%A7a&query_place_id=ChIJS99Fc9AVfZIR4_PgqF9lCHU","Bar"
"Bar do Kikão","3","2",,"Oriximiná","State of Pará","BR",,"","Cocktail bar",,,,,,"https://www.google.com/maps/search/?api=1&query=Bar%20do%20Kik%C3%A3o&query_place_id=ChIJ84_Bp3YVfZIRJPSV_cAALMI","Cocktail bar"
"Mercearia Leão (Bar do Lambreta)","3","1","Tv. Carlos Maria Teixeira, 2102-2276","Oriximiná","State of Pará","BR",,"","Bar",,,,,,"https://www.google.com/maps/search/?api=1&query=Mercearia%20Le%C3%A3o%20(Bar%20do%20Lambreta)&query_place_id=ChIJJ4QaRUIVfZIRD8BPX6PjIzs","Bar"
"Petiscaria da Chef","5","3","Tv. Cel. José Gabriel Guerreiro, 405","Oriximiná","State of Pará","BR",,"+55 92 99292-6109","Pizza restaurant",,,,,,"https://www.google.com/maps/search/?api=1&query=Petiscaria%20da%20Chef&query_place_id=ChIJNZM-h2Q_fZIRpNvVHZ1ZPO8","Pizza restaurant"
"Restaurante Recanto Jacitara","4.3","10","Av. Dr. Lauro Sodré, 670","Oriximiná","State of Pará","BR","https://www.instagram.com/recanto.jacitara?igsh=MWt2ZzJpaDZzejI0Ng%3D%3D&utm_source=qr","+55 93 99145-1016","Restaurant",,,,,,"https://www.google.com/maps/search/?api=1&query=Restaurante%20Recanto%20Jacitara&query_place_id=ChIJ6QW7EgAVfZIRCzS_qmXWf3g","Restaurant"
"La belly pastelaria","5","4","R. 24 de Dezembro, box 4","Oriximiná","State of Pará","BR",,"","Brazilian pastelaria",,,,,,"https://www.google.com/maps/search/?api=1&query=La%20belly%20pastelaria&query_place_id=ChIJq6ZrXQAVfZIRQ8zKiGx8ZIo","Brazilian pastelaria"
"Restaurante Peixe & Boi","4","40",,"Oriximiná","State of Pará","BR",,"+55 93 99122-1945","Restaurant",,,,,,"https://www.google.com/maps/search/?api=1&query=Restaurante%20Peixe%20%26%20Boi&query_place_id=ChIJJX_a1NMVfZIR6Gd77McV5bg","Restaurant"
"Churrascaria Deus & fiel.","4","2",,"Oriximiná","State of Pará","BR",,"+55 93 99148-6654","Barbecue restaurant",,,,,,"https://www.google.com/maps/search/?api=1&query=Churrascaria%20Deus%20%26%20fiel.&query_place_id=ChIJe8AqArUVfZIRnJdtQ32WaBI","Barbecue restaurant"
"Restaurante kaka","4","2","Tv. Santa Luzia","Oriximiná","State of Pará","BR",,"","Restaurant",,,,,,"https://www.google.com/maps/search/?api=1&query=Restaurante%20kaka&query_place_id=ChIJd6XOe2sVfZIRzGg9-XoFImk","Restaurant"
"Lá em Casa Hambúrgueria","3","4","R. Pedro Carlos de Oliveira, 3191","Oriximiná","State of Pará","BR",,"+55 93 99228-1786","Hamburger restaurant",,,,,,"https://www.google.com/maps/search/?api=1&query=L%C3%A1%20em%20Casa%20Hamb%C3%BArgueria&query_place_id=ChIJW1BdJRwVfZIR6Fl5--WQnqI","Hamburger restaurant"
"Sorvete Mania - Sorveteria Self Service em Oriximiná","5","3","Av. Vinte e Quatro de Dezembro, 2346","Oriximiná","State of Pará","BR","https://www.instagram.com/sorvete_mania_oriximina/","+55 93 99164-3507","Ice cream shop","Sweets and dessert buffet","Pastry shop","Snack bar","Sundae restaurant","Toy library","https://www.google.com/maps/search/?api=1&query=Sorvete%20Mania%20-%20Sorveteria%20Self%20Service%20em%20Oriximin%C3%A1&query_place_id=ChIJMVFQo1sVfZIR6YjQx5Mi5YM","Ice cream shop"
"CHURRASCARIA BRASA QUENTE.","3.5","4","Av. Independência, 2758","Oriximiná","State of Pará","BR",,"+55 93 99208-3698","Barbecue restaurant",,,,,,"https://www.google.com/maps/search/?api=1&query=CHURRASCARIA%20BRASA%20QUENTE.&query_place_id=ChIJe-t1PcsVfZIRDqsk__Ff-VM","Barbecue restaurant"
"Esfiharia e Pizzaria Expresso","4.3","15","Tv. Cazuza Guerreiro, 430","Oriximiná","State of Pará","BR","https://esfihariapizzariaexpresso.com.br/","+55 93 99144-4178","Pizza restaurant",,,,,,"https://www.google.com/maps/search/?api=1&query=Esfiharia%20e%20Pizzaria%20Expresso&query_place_id=ChIJSTAedowVfZIR5Qhxpv0R8YQ","Pizza restaurant"
"Hotel Mapuera","4.3","230","Av. Barão do Rio Branco, 1932","Oriximiná","State of Pará","BR","http://mapuerahotel.com.br/","+55 93 99145-3805","Hotel",,,,,,"https://www.google.com/maps/search/?api=1&query=Hotel%20Mapuera&query_place_id=ChIJMwDQIGgVfZIRVCD6tL8aRWk","Hotel"
"Hotel Cachoeiry","4.3","156","Tv. Carlos Maria Teixeira, 1906-2100","Oriximiná","State of Pará","BR",,"+55 93 99192-1020","Hotel",,,,,,"https://www.google.com/maps/search/?api=1&query=Hotel%20Cachoeiry&query_place_id=ChIJTSPaN0IVfZIRHTDRdbbO2pY","Hotel"
"Hotel Oriximiná","4.1","95","Travessa Antônio Bentes N⁰170","Oriximiná","State of Pará","BR",,"+55 93 99113-9207","Hotel",,,,,,"https://www.google.com/maps/search/?api=1&query=Hotel%20Oriximin%C3%A1&query_place_id=ChIJTzHsMi4VfZIRIWHLAn4GsPs","Hotel"
"Pousada Brasil","4.2","106","Tv. Cel. José Gabriel Guerreiro, 204","Oriximiná","State of Pará","BR",,"+55 93 99122-7343","Bed & breakfast",,,,,,"https://www.google.com/maps/search/?api=1&query=Pousada%20Brasil&query_place_id=ChIJgc9qgTEVfZIRedSUm3yMT8M","Bed & breakfast"
"Pousada Tia Amélia","4.3","79","Av. Sete de Setembro, 2324","Oriximiná","State of Pará","BR","http://www.pousadatiamelia.com.br/","+55 93 3544-1351","Inn",,,,,,"https://www.google.com/maps/search/?api=1&query=Pousada%20Tia%20Am%C3%A9lia&query_place_id=ChIJTYJJC1gVfZIRj8VuRFrq-JU","Inn"
"Pousada Santo Antonio","4.4","20","Av. Quinze de Novembro, 618-812","Oriximiná","State of Pará","BR",,"+55 93 99110-1727","Hotel",,,,,,"https://www.google.com/maps/search/?api=1&query=Pousada%20Santo%20Antonio&query_place_id=ChIJ-7-bVUIVfZIRqyp79_RvSPI","Hotel"
"Pousada dos viajantes","4.4","8","Tv. Santa Luzia, 1530","Oriximiná","State of Pará","BR",,"+55 93 99119-5063","Hotel",,,,,,"https://www.google.com/maps/search/?api=1&query=Pousada%20dos%20viajantes&query_place_id=ChIJnwuHKiMVfZIR1KsIQXrvV9s","Hotel"
"Hotel Sapucuá","4.9","97","R. Barão do Rio Branco, 2207","Oriximiná","State of Pará","BR",,"+55 93 99236-3592","Hotel",,,,,,"https://www.google.com/maps/search/?api=1&query=Hotel%20Sapucu%C3%A1&query_place_id=ChIJn57GZw8VfZIRuDlgfh8dgWs","Hotel"
"Hotel Sonho Meu","4.5","41","Rua Marechal, Av. Castelo Branco","Oriximiná","State of Pará","BR",,"+55 93 99193-0409","Hotel",,,,,,"https://www.google.com/maps/search/?api=1&query=Hotel%20Sonho%20Meu&query_place_id=ChIJddJ1eE4VfZIRWdUr2QgLjfA","Hotel"
"Pousada Príncipe da Paz","5","1","Av. Independência","Oriximiná","State of Pará","BR",,"+55 93 99133-2710","Inn",,,,,,"https://www.google.com/maps/search/?api=1&query=Pousada%20Pr%C3%ADncipe%20da%20Paz&query_place_id=ChIJvdLKAgEVfZIRNQ6_78v_T7g","Inn"
"Pousada Uirapuru","3.4","21","Tv. César Guerreiro, 726","Oriximiná","State of Pará","BR","https://www.facebook.com/pousadauirapuru","+55 93 99100-7301","Bed & breakfast",,,,,,"https://www.google.com/maps/search/?api=1&query=Pousada%20Uirapuru&query_place_id=ChIJ95ksV0MVfZIRDCON2NA7-4Q","Bed & breakfast"
"Pousada Paraíso","5","4",,"Oriximiná","State of Pará","BR",,"","Hotel",,,,,,"https://www.google.com/maps/search/?api=1&query=Pousada%20Para%C3%ADso&query_place_id=ChIJU6QkSpQVfZIR5NRLem1zTmQ","Hotel"
"Lavor churrascaria","5","1","Tv. Carlos Maria Teixeira, 915","Oriximiná","State of Pará","BR",,"","Barbecue restaurant",,,,,,"https://www.google.com/maps/search/?api=1&query=Lavor%20churrascaria&query_place_id=ChIJXzeibQAVfZIRdxUAuJNtup4","Barbecue restaurant"
"PIZZARIA E RESTAURANTE COME MANIA","4.2","16","Passagem Hilário Matos, 1460","Oriximiná","State of Pará","BR",,"+55 93 99209-3132","Pizza restaurant",,,,,,"https://www.google.com/maps/search/?api=1&query=PIZZARIA%20E%20RESTAURANTE%20COME%20MANIA&query_place_id=ChIJ_cdZuZoVfZIRHNUAqaTycqg","Pizza restaurant"
"Kero Mais Pizzaria","4","1","Tv. Antônio Bentes de Oliveira Guimarães, 813","Oriximiná","State of Pará","BR",,"+55 93 99138-2546","Pizza restaurant",,,,,,"https://www.google.com/maps/search/?api=1&query=Kero%20Mais%20Pizzaria&query_place_id=ChIJlU6ooU0VfZIRRoaW29nJKZI","Pizza restaurant"
"Comidas Da Cris","3.7","6","Tv. Santa Luzia, 2038-2250","Oriximiná","State of Pará","BR",,"+55 991040643","Barbecue restaurant",,,,,,"https://www.google.com/maps/search/?api=1&query=Comidas%20Da%20Cris&query_place_id=ChIJh51B1UEVfZIRb3-A1CuU5xU","Barbecue restaurant"
"Posto Ipiranga","4","27","Av. Independência, 663","Oriximiná","State of Pará","BR","https://www.ipiranga.com.br/wps/portal/pt-br/ipiranga/inicio","+55 93 99141-2019","Restaurant","Car wash","Convenience store","Oil change service","Gas station",,"https://www.google.com/maps/search/?api=1&query=Posto%20Ipiranga&query_place_id=ChIJN9TIP1sVfZIR2N1Rp6iw5ik","Restaurant"
"Ellus Motel","5","4","R. João Batista de Oliveira, N° 2355","Oriximiná","State of Pará","BR",,"","Love hotel",,,,,,"https://www.google.com/maps/search/?api=1&query=Ellus%20Motel&query_place_id=ChIJUe7z_1IVfZIRMro5tRsCvq8","Love hotel"
"La'mour motel","4.3","10","PA-439","Oriximiná","State of Pará","BR",,"+55 991143731","Motel",,,,,,"https://www.google.com/maps/search/?api=1&query=La'mour%20motel&query_place_id=ChIJ3w6Ez4UVfZIR2R-d4Am5UCQ","Motel"
"Sítio do Tomé","4.7","63","Estrada do Caipurú, primeira entrada á esquerda","Oriximiná","State of Pará","BR",,"+55 93 99116-4640","Resort hotel",,,,,,"https://www.google.com/maps/search/?api=1&query=S%C3%ADtio%20do%20Tom%C3%A9&query_place_id=ChIJY87pjRgTfZIRvoGmy5B99Bc","Resort hotel"
"Recanto do ney","5","1",,"Oriximiná","State of Pará","BR",,"","Motel",,,,,,"https://www.google.com/maps/search/?api=1&query=Recanto%20do%20ney&query_place_id=ChIJ1eJOKl0VfZIR29zS116wIqc","Motel"
"Marquinho's Lanches","4","3","Tv. Cazuza Guerreiro","Oriximiná","State of Pará","BR",,"+55 93 99175-9806","Snack bar",,,,,,"https://www.google.com/maps/search/?api=1&query=Marquinho's%20Lanches&query_place_id=ChIJ_9igQAAVfZIRLLQ8gNedNYY","Snack bar"
"Padaria Doces & Sabores","4.7","36","Av. Barão do Rio Branco, 1017-837","Oriximiná","State of Pará","BR",,"","Cafe",,,,,,"https://www.google.com/maps/search/?api=1&query=Padaria%20Doces%20%26%20Sabores&query_place_id=ChIJ8XsS8n8VfZIReGyymN8A3PM","Cafe"
"Café da Sande - Experience","4.4","34","Av. Vinte e Quatro de Dezembro, 2280","Oriximiná","State of Pará","BR","https://instagram.com/cafedasande?igshid=eHdpanV5dDRueW5u","+55 93 99241-2998","Coffee shop",,,,,,"https://www.google.com/maps/search/?api=1&query=Caf%C3%A9%20da%20Sande%20-%20Experience&query_place_id=ChIJJzKRJ2kVfZIRjAo_YiqseBE","Coffee shop"
"Restaurante Ariabu","4.7","11","Próximo ao Posto de Combustível MCD - Rua 24 de dezembro 2624 esquina com, Tv. Emídio Ferreira Martins","Oriximiná","State of Pará","BR",,"+55 93 98423-5847","Restaurant",,,,,,"https://www.google.com/maps/search/?api=1&query=Restaurante%20Ariabu&query_place_id=ChIJs4yuWQ0VfZIRCP7bvAusQ1s","Restaurant"
"Churrascaria Carvalho","5","6","Tv. César Guerreiro","Oriximiná","State of Pará","BR",,"+55 93 99236-2987","Grill",,,,,,"https://www.google.com/maps/search/?api=1&query=Churrascaria%20Carvalho&query_place_id=ChIJVw1jCV0VfZIR4eho2kPvlUU","Grill"
"Restaurante Tia Branca 🥘","5","1","Tv. Manoel Afonso da Silva","Oriximiná","State of Pará","BR",,"+55 93 99137-4239","Restaurant",,,,,,"https://www.google.com/maps/search/?api=1&query=Restaurante%20Tia%20Branca%20%F0%9F%A5%98&query_place_id=ChIJI1TYUQA_fZIRlQBy7vTDRWs","Restaurant"
"Recanto do iripixi","5","3","Estr. Lago do Iripixi","Oriximiná","State of Pará","BR",,"+55 93 99247-9866","Restaurant",,,,,,"https://www.google.com/maps/search/?api=1&query=Recanto%20do%20iripixi&query_place_id=ChIJxUpCfSBBfZIRYmlBqMj3Zlc","Restaurant"
"Churrascaria Espeto Mania","5","1","Tv. Armando Gato da Silva, 592","Oriximiná","State of Pará","BR",,"+55 92 99208-9776","Barbecue restaurant",,,,,,"https://www.google.com/maps/search/?api=1&query=Churrascaria%20Espeto%20Mania&query_place_id=ChIJVRIWZQAVfZIRLPujyB2uN-w","Barbecue restaurant"
"King Dog Hamburgueria - Oriximiná","4.7","18","Tv. João Guerreiro, 702","Oriximiná","State of Pará","BR","https://www.instagram.com/invites/contact/?i=1xc34mlj9fk4h&utm_content=alz4fdi","+55 93 99244-3947","Snack bar",,,,,,"https://www.google.com/maps/search/?api=1&query=King%20Dog%20Hamburgueria%20-%20Oriximin%C3%A1&query_place_id=ChIJNyLOyWIVfZIRPUEfMAX7awM","Snack bar"
"Pizzaria BROTHER'S Beer","4.3","29","Tv. César Guerreiro, 782","Oriximiná","State of Pará","BR","https://www.starfood.com.br/brothersbeer","+55 93 99105-4696","Pizza restaurant",,,,,,"https://www.google.com/maps/search/?api=1&query=Pizzaria%20BROTHER'S%20Beer&query_place_id=ChIJ2f6xXdoVfZIRBDYqtStVEAU","Pizza restaurant"
"Pizza Quadrada","5","2","R. Pedro Carlos de Oliveira, N°3191","Oriximiná","State of Pará","BR",,"+55 93 99168-2344","Pizza restaurant",,,,,,"https://www.google.com/maps/search/?api=1&query=Pizza%20Quadrada&query_place_id=ChIJQzIt-kEVfZIRF4bQMhiPH9A","Pizza restaurant"
"Parque de exposições Diniz Filho","3.6","14","Av. Dr. Lauro Sodré, 3173","Oriximiná","State of Pará","BR",,"","Korean barbecue restaurant",,,,,,"https://www.google.com/maps/search/?api=1&query=Parque%20de%20exposi%C3%A7%C3%B5es%20Diniz%20Filho&query_place_id=ChIJA94B_-Q_fZIRhSBjk0aTGvw","Korean barbecue restaurant"
"Bodega da Lane","4.4","19","Estr. Lago do Iripixi","Oriximiná","State of Pará","BR",,"","Bar",,,,,,"https://www.google.com/maps/search/?api=1&query=Bodega%20da%20Lane&query_place_id=ChIJWzmtKFIVfZIR7nM7ZTH4qO0","Bar"
"Estúdio Jacy Oliveira (Design)","5","1","Tv. Manoel Afonso da Silva, 450","Oriximiná","State of Pará","BR",,"+55 93 99243-4744","Lounge bar",,,,,,"https://www.google.com/maps/search/?api=1&query=Est%C3%BAdio%20Jacy%20Oliveira%20(Design)&query_place_id=ChIJ4dl8NsQVfZIRXPS6OFUl38s","Lounge bar"
"Arena Bee","5","1","Tv. Piquiá, 240","Oriximiná","State of Pará","BR",,"","Bar",,,,,,"https://www.google.com/maps/search/?api=1&query=Arena%20Bee&query_place_id=ChIJJYjGtrE_fZIRmz140tUfdNQ","Bar"
"Piscinas Bar","5","1","649W+9F","Oriximiná","State of Pará","BR",,"+55 92 99281-3436","Bar",,,,,,"https://www.google.com/maps/search/?api=1&query=Piscinas%20Bar&query_place_id=ChIJX-8PqtU_fZIRWG8aURR4DxU","Bar"
"Mormaço Beer","3","1",,"Oriximiná","State of Pará","BR",,"","Live music bar",,,,,,"https://www.google.com/maps/search/?api=1&query=Morma%C3%A7o%20Beer&query_place_id=ChIJmVl-WQdAfZIR2mcj7FMzn1I","Live music bar"
"Quincas Motel","4","12",,"Oriximiná","State of Pará","BR",,"+55 93 99135-3765","Love hotel",,,,,,"https://www.google.com/maps/search/?api=1&query=Quincas%20Motel&query_place_id=ChIJxV5JqzIVfZIRU6sk4zIBXRE","Love hotel"
"Café do Jota","4.5","2","R. Aciole Ramos, N°1109","Oriximiná","State of Pará","BR",,"","Coffee shop",,,,,,"https://www.google.com/maps/search/?api=1&query=Caf%C3%A9%20do%20Jota&query_place_id=ChIJj7f4l3EVfZIRPWGRAzzx9WA","Coffee shop"
"Panificadora Panis","4.6","50","Tv. Antônio Bentes de Oliveira Guimarães, 2439-2265","Oriximiná","State of Pará","BR",,"","Bakery",,,,,,"https://www.google.com/maps/search/?api=1&query=Panificadora%20Panis&query_place_id=ChIJ9wr1ItkVfZIR_CvoKnQev14","Bakery"
"Lanche da Goretti","4.3","4","Tv. Antônio Bentes de Oliveira Guimarães, 2649-2591","Oriximiná","State of Pará","BR",,"+55 93 99194-3490","Coffee shop",,,,,,"https://www.google.com/maps/search/?api=1&query=Lanche%20da%20Goretti&query_place_id=ChIJDXhICycVfZIRYRV5TCSIaIE","Coffee shop"
"CT TROMBETAS","5","20","Tv. Antônio Imbiriba Guerreiro, 342","Oriximiná","State of Pará","BR",,"+55 93 99173-8169","Gym",,,,,,"https://www.google.com/maps/search/?api=1&query=CT%20TROMBETAS&query_place_id=ChIJ_bwdRbIVfZIRp2FmoaXHG4I","Gym"
"VARANDA de CASA","5","3","Tv. Emídio Ferreira Martins, 266","Oriximiná","State of Pará","BR",,"+55 93 99241-5560","Coffee shop",,,,,,"https://www.google.com/maps/search/?api=1&query=VARANDA%20de%20CASA&query_place_id=ChIJg28PMkoVfZIR7LtS5qV4SyY","Coffee shop"
"CYBER AZUZ TEK","5","1","Tv. Carlos Maria Teixeira","Oriximiná","State of Pará","BR",,"+55 93 99241-4289","Internet cafe",,,,,,"https://www.google.com/maps/search/?api=1&query=CYBER%20AZUZ%20TEK&query_place_id=ChIJNeZmP2sVfZIRj_P2hmL8F8s","Internet cafe"
"Casa do bluds(Renê)","5","3",,"Oriximiná","State of Pará","BR",,"","Ice cream shop",,,,,,"https://www.google.com/maps/search/?api=1&query=Casa%20do%20bluds(Ren%C3%AA)&query_place_id=ChIJiVIoJgAVfZIR_MM-7eKlX7o","Ice cream shop"
"Mercantil Luana","4.1","35","R. Braz Antônio Mileo, Mileruao, 469","Oriximiná","State of Pará","BR","http://www.facebook.com/mercantilLuana","","Supermarket",,,,,,"https://www.google.com/maps/search/?api=1&query=Mercantil%20Luana&query_place_id=ChIJBakD8CYVfZIRC3g96KcE0-s","Supermarket"
"Meu açaí","5","3","Tv. Jonathas Athias","Oriximiná","State of Pará","BR",,"","Ice cream shop",,,,,,"https://www.google.com/maps/search/?api=1&query=Meu%20a%C3%A7a%C3%AD&query_place_id=ChIJmUgrucMVfZIR934zK0tAMwM","Ice cream shop"
"Padaria Craó","5","1","Rua Marechal Castelo Branco","Oriximiná","State of Pará","BR",,"","Bakery",,,,,,"https://www.google.com/maps/search/?api=1&query=Padaria%20Cra%C3%B3&query_place_id=ChIJhYOutW4VfZIR20tE9AKIQFY","Bakery"
"Berbearia Souza","4.8","16","R. Pedro Carlos de Oliveira, 511","Oriximiná","State of Pará","BR",,"+55 93 99100-4654","Barber shop",,,,,,"https://www.google.com/maps/search/?api=1&query=Berbearia%20Souza&query_place_id=ChIJRaNfS7wVfZIRV1ci45ZY6hs","Barber shop"
"Beijo frio sorvete","5","2","R. Barão do Rio Branco","Oriximiná","State of Pará","BR",,"+55 93 99228-4461","Ice cream shop",,,,,,"https://www.google.com/maps/search/?api=1&query=Beijo%20frio%20sorvete&query_place_id=ChIJ7Z1S5TgVfZIRYFDp3is5HVQ","Ice cream shop"
"Hamburgueria do Cheff","5","1","R. Pedro Carlos de Oliveira, n° 2473","Oriximiná","State of Pará","BR",,"+55 93 99160-5121","Hamburger restaurant",,,,,,"https://www.google.com/maps/search/?api=1&query=Hamburgueria%20do%20Cheff&query_place_id=ChIJFcaoxtgVfZIR8JsiFRfemFs","Hamburger restaurant"
"Buffet Delícias da Emília","5","2","R. Pedro Carlos de Oliveira","Oriximiná","State of Pará","BR","https://www.facebook.com/profile.php?id=100036874740296&mibextid=LQQJ4d","+55 93 99100-1404","Wedding buffet","Children's party buffet","Sweets and dessert buffet",,,,"https://www.google.com/maps/search/?api=1&query=Buffet%20Del%C3%ADcias%20da%20Em%C3%ADlia&query_place_id=ChIJkYjukSGMMS4RFNc4rmvzXO8","Wedding buffet"
"CCC doces e salgados","5","2","Tv. Antônio Imbiriba Guerreiro, 936","Oriximiná","State of Pará","BR",,"+55 93 99123-4375","Food manufacturing supply","Candy store","Diner","Food manufacturer","Tapas bar",,"https://www.google.com/maps/search/?api=1&query=CCC%20doces%20e%20salgados&query_place_id=ChIJe7OfI20VfZIRRABY3_fSb48","Food manufacturing supply"
"Recanto Guerreiro Lobato","4.9","8","Tv. Bela Vista","Oriximiná","State of Pará","BR",,"+55 93 99169-3607","Restaurant",,,,,,"https://www.google.com/maps/search/?api=1&query=Recanto%20Guerreiro%20Lobato&query_place_id=ChIJ7xILh5UVfZIRjefd7JG4vzc","Restaurant"
"Lanche da Dona Ivete","5","18","Tv. Ângelo Augusto de Oliveira, 579","Oriximiná","State of Pará","BR","https://instagram.com/lanche.bem2022?igshid=MzRlODBiNWFlZA==","+55 93 99231-4704","Snack bar",,,,,,"https://www.google.com/maps/search/?api=1&query=Lanche%20da%20Dona%20Ivete&query_place_id=ChIJl7p1w7oVfZIR2z_gdVTohYI","Snack bar"
"Sorveteria Puro Sabor","4.9","10","R. Pedro Carlos de Oliveira, 3101","Oriximiná","State of Pará","BR",,"+55 93 99168-6459","Ice cream shop",,,,,,"https://www.google.com/maps/search/?api=1&query=Sorveteria%20Puro%20Sabor&query_place_id=ChIJf4PNkFoVfZIR2DcwMEwiI-0","Ice cream shop"
"CT Trombetas","4.8","5","Av. Quinze de Novembro, 3241","Oriximiná","State of Pará","BR","https://www.instagram.com/cttrombetas?igsh=MWN0ZW1ubWFjaTFjYg==","","Gym",,,,,,"https://www.google.com/maps/search/?api=1&query=CT%20Trombetas&query_place_id=ChIJOQqtdAAVfZIRAmUatF9tBcI","Gym"
"Padaria e confeitaria Confei","4.9","7","Av. Sete de Setembro, 3505","Oriximiná","State of Pará","BR",,"+55 93 98416-1866","Bakery",,,,,,"https://www.google.com/maps/search/?api=1&query=Padaria%20e%20confeitaria%20Confei&query_place_id=ChIJHcLA6ak_fZIRxzgp8MGzYy4","Bakery"
"Panificadora PaneHaus","5","7","Tv. Armando Gato da Silva, 206","Oriximiná","State of Pará","BR",,"+55 93 99116-3525","Bakery",,,,,,"https://www.google.com/maps/search/?api=1&query=Panificadora%20PaneHaus&query_place_id=ChIJDcMOnXA_fZIRMEJs0TSv5JA","Bakery"
"Iza decoração e personalizado.","5","4","Tv. Cel. José Gabriel Guerreiro, 1702","Oriximiná","State of Pará","BR",,"","Internet cafe",,,,,,"https://www.google.com/maps/search/?api=1&query=Iza%20decora%C3%A7%C3%A3o%20e%20personalizado.&query_place_id=ChIJIV13SAAVfZIRoKZu0LRXxWo","Internet cafe"
"Point do sorvete","5","1","Av. Dr. Lauro Sodré, 1172","Oriximiná","State of Pará","BR",,"","Ice cream shop",,,,,,"https://www.google.com/maps/search/?api=1&query=Point%20do%20sorvete&query_place_id=ChIJHU3hGQAVfZIRSLerqrhBzOE","Ice cream shop"
"Cacau Show - Chocolates","4.3","14","Tv. Antônio de Souza Bentes","Oriximiná","State of Pará","BR","https://www.cacaushow.com.br/","+55 93 99114-4943","Chocolate shop",,,,,,"https://www.google.com/maps/search/?api=1&query=Cacau%20Show%20-%20Chocolates&query_place_id=ChIJUdw1PPYVfZIRAMHhQgMmJ60","Chocolate shop"
"Sorveteria EXPRESSO","2.5","4",,"Oriximiná","State of Pará","BR",,"+55 92 99358-7288","Ice cream shop",,,,,,"https://www.google.com/maps/search/?api=1&query=Sorveteria%20EXPRESSO&query_place_id=ChIJ32m-4RMVfZIRx8b7Ta6BD8M","Ice cream shop"
"Açaí Frozen","3","3",,"Oriximiná","State of Pará","BR",,"","Ice cream shop",,,,,,"https://www.google.com/maps/search/?api=1&query=A%C3%A7a%C3%AD%20Frozen&query_place_id=ChIJ46f2bQAVfZIRNYvRMhp88b8","Ice cream shop"
"Kactu's Restaurante","5","10","Av. Vinte e Quatro de Dezembro, 1431","Oriximiná","State of Pará","BR",,"+55 92 99214-1530","Family restaurant",,,,,,"https://www.google.com/maps/search/?api=1&query=Kactu's%20Restaurante&query_place_id=ChIJA5bzTkUVfZIRdejfqW2_BpU","Family restaurant"
"Box da Loirinha","5","2","Tv. Antônio de Souza Bentes, 300","Oriximiná","State of Pará","BR",,"","Snack bar",,,,,,"https://www.google.com/maps/search/?api=1&query=Box%20da%20Loirinha&query_place_id=ChIJNc3oZQAVfZIRYjP_4ApB18M","Snack bar"
"FEIRA MUNICIPAL","4.4","40",,"Oriximiná","State of Pará","BR",,"","Market",,,,,,"https://www.google.com/maps/search/?api=1&query=FEIRA%20MUNICIPAL&query_place_id=ChIJM_Z3VR4VfZIRmBXj0lvoxi8","Market"
"Posto Petrobras","4.2","25","R. 24 de Dezembro, S/N","Oriximiná","State of Pará","BR","https://www.postospetrobras.com.br/?utm_source=gmb&utm_medium=search","+55 93 3544-2002","Gas station","Brazilian restaurant","Car wash","Convenience store","Oil change service",,"https://www.google.com/maps/search/?api=1&query=Posto%20Petrobras&query_place_id=ChIJB71wwV0VfZIR31yrGDkNVdI","Gas station"
